estimator,opt,horizon_s,rot_err_deg_median,rot_err_deg_p90,pos_err_mm_median,pos_err_mm_p90,n,rec,dev,scenario,seed,n_nodes
A_dtw30+accel0,zero,0.022,0.0015847347761171263,0.0030455679996129726,0.005254487647004861,0.008881415605409481,147,static_dark,right,factory,0,2095
A_dtw30+accel0,est,0.022,0.0038140444555464447,0.005541735525028341,0.005250795446285293,0.008898348393401258,147,static_dark,right,factory,0,2095
A_dtw30+accel0,true,0.022,0.001593602478556903,0.003140469458697363,0.0025162737929952496,0.004655964627709066,147,static_dark,right,factory,0,2095
A_dtw30+accel0,zero,0.044,0.0026182165417430797,0.005131661260257956,0.02094868055832003,0.033630455601580754,147,static_dark,right,factory,0,2095
A_dtw30+accel0,est,0.044,0.00746845650136557,0.010658847900736951,0.02077571849629117,0.03373707777158088,147,static_dark,right,factory,0,2095
A_dtw30+accel0,true,0.044,0.0024156824205659086,0.005159590999288731,0.007223768983238036,0.014707865983150124,147,static_dark,right,factory,0,2095
A_dtw30+accel0,zero,0.088,0.0038137613760184847,0.008704332831650858,0.08283191484033894,0.13459509490160468,147,static_dark,right,factory,0,2095
A_dtw30+accel0,est,0.088,0.014014366308831664,0.019778046528897777,0.08453146064051897,0.1337472504319342,147,static_dark,right,factory,0,2095
A_dtw30+accel0,true,0.088,0.003624093654639915,0.008442726555525104,0.020571428313414707,0.04290191060984877,147,static_dark,right,factory,0,2095
A_dtw30+accel0,zero,0.25,0.0063507570254722374,0.013997529925116511,0.6804561852807316,0.9332280764852576,147,static_dark,right,factory,0,2095
A_dtw30+accel0,est,0.25,0.036910894319683724,0.05425762416308582,0.6922947998994339,0.935893894975822,147,static_dark,right,factory,0,2095
A_dtw30+accel0,true,0.25,0.005175023133048669,0.01251478900371715,0.07416540010904482,0.13876243883083897,147,static_dark,right,factory,0,2095
A_dtw30+accel0,zero,0.5,0.00877994569782206,0.018904200430635922,2.4716045434306295,3.4471464040709012,147,static_dark,right,factory,0,2095
A_dtw30+accel0,est,0.5,0.07077867236096524,0.10237290850155153,2.524073912916075,3.4558248499996567,147,static_dark,right,factory,0,2095
A_dtw30+accel0,true,0.5,0.0073654765300543625,0.01862704581488646,0.19515180530598258,0.3755935616980382,147,static_dark,right,factory,0,2095
A_dtw30+accel0,zero,1.0,0.013319650565128014,0.02845968840301081,7.4898383890331655,12.215587806893602,147,static_dark,right,factory,0,2095
A_dtw30+accel0,est,1.0,0.1203095794841592,0.180624576344572,8.505269530361407,12.583406784481468,147,static_dark,right,factory,0,2095
A_dtw30+accel0,true,1.0,0.011423235031001084,0.028315880991719947,0.6754436101652935,1.2442196383505928,147,static_dark,right,factory,0,2095
C_gyro_W30+accel0,zero,0.022,0.0015847347761171263,0.0030455679996129726,0.005254487647004861,0.008881415605409481,147,static_dark,right,factory,0,2095
C_gyro_W30+accel0,est,0.022,0.001833696150254456,0.0031689951223365788,0.005253179270551442,0.00888328881969592,147,static_dark,right,factory,0,2095
C_gyro_W30+accel0,true,0.022,0.001593602478556903,0.003140469458697363,0.0025162737929952496,0.004655964627709066,147,static_dark,right,factory,0,2095
C_gyro_W30+accel0,zero,0.044,0.0026182165417430797,0.005131661260257956,0.02094868055832003,0.033630455601580754,147,static_dark,right,factory,0,2095
C_gyro_W30+accel0,est,0.044,0.00301036834534852,0.005567464682251635,0.02092373679719518,0.033637560480427924,147,static_dark,right,factory,0,2095
C_gyro_W30+accel0,true,0.044,0.0024156824205659086,0.005159590999288731,0.007223768983238036,0.014707865983150124,147,static_dark,right,factory,0,2095
C_gyro_W30+accel0,zero,0.088,0.0038137613760184847,0.008704332831650858,0.08283191484033894,0.13459509490160468,147,static_dark,right,factory,0,2095
C_gyro_W30+accel0,est,0.088,0.004305599940039066,0.00994267172490288,0.0828771901067128,0.13460450272196878,147,static_dark,right,factory,0,2095
C_gyro_W30+accel0,true,0.088,0.003624093654639915,0.008442726555525104,0.020571428313414707,0.04290191060984877,147,static_dark,right,factory,0,2095
C_gyro_W30+accel0,zero,0.25,0.0063507570254722374,0.013997529925116511,0.6804561852807316,0.9332280764852576,147,static_dark,right,factory,0,2095
C_gyro_W30+accel0,est,0.25,0.008334338545805625,0.017133519756166726,0.6814629230961767,0.9366896611650188,147,static_dark,right,factory,0,2095
C_gyro_W30+accel0,true,0.25,0.005175023133048669,0.01251478900371715,0.07416540010904482,0.13876243883083897,147,static_dark,right,factory,0,2095
C_gyro_W30+accel0,zero,0.5,0.00877994569782206,0.018904200430635922,2.4716045434306295,3.4471464040709012,147,static_dark,right,factory,0,2095
C_gyro_W30+accel0,est,0.5,0.012999322545015377,0.028195260598840328,2.4969047378084728,3.4451422265815252,147,static_dark,right,factory,0,2095
C_gyro_W30+accel0,true,0.5,0.0073654765300543625,0.01862704581488646,0.19515180530598258,0.3755935616980382,147,static_dark,right,factory,0,2095
C_gyro_W30+accel0,zero,1.0,0.013319650565128014,0.02845968840301081,7.4898383890331655,12.215587806893602,147,static_dark,right,factory,0,2095
C_gyro_W30+accel0,est,1.0,0.01977658619390322,0.04239829454988166,7.531329343068485,12.208345096148957,147,static_dark,right,factory,0,2095
C_gyro_W30+accel0,true,1.0,0.011423235031001084,0.028315880991719947,0.6754436101652935,1.2442196383505928,147,static_dark,right,factory,0,2095
B_q1e-05,zero,0.022,0.0015847347761171263,0.0030455679996129726,0.005254487647004861,0.008881415605409481,147,static_dark,right,factory,0,2095
B_q1e-05,est,0.022,0.001609048662084557,0.0030421729578880142,0.0026783814548134327,0.004835472793250045,147,static_dark,right,factory,0,2095
B_q1e-05,true,0.022,0.001593602478556903,0.003140469458697363,0.0025162737929952496,0.004655964627709066,147,static_dark,right,factory,0,2095
B_q1e-05,zero,0.044,0.0026182165417430797,0.005131661260257956,0.02094868055832003,0.033630455601580754,147,static_dark,right,factory,0,2095
B_q1e-05,est,0.044,0.002463726261055427,0.0053069445502852905,0.008989153091072802,0.01765400060781162,147,static_dark,right,factory,0,2095
B_q1e-05,true,0.044,0.0024156824205659086,0.005159590999288731,0.007223768983238036,0.014707865983150124,147,static_dark,right,factory,0,2095
B_q1e-05,zero,0.088,0.0038137613760184847,0.008704332831650858,0.08283191484033894,0.13459509490160468,147,static_dark,right,factory,0,2095
B_q1e-05,est,0.088,0.003455077879788037,0.008664838041433375,0.02957586407769877,0.06297302082555076,147,static_dark,right,factory,0,2095
B_q1e-05,true,0.088,0.003624093654639915,0.008442726555525104,0.020571428313414707,0.04290191060984877,147,static_dark,right,factory,0,2095
B_q1e-05,zero,0.25,0.0063507570254722374,0.013997529925116511,0.6804561852807316,0.9332280764852576,147,static_dark,right,factory,0,2095
B_q1e-05,est,0.25,0.0057140244561666356,0.01282264685651569,0.191454646425616,0.3455787341525552,147,static_dark,right,factory,0,2095
B_q1e-05,true,0.25,0.005175023133048669,0.01251478900371715,0.07416540010904482,0.13876243883083897,147,static_dark,right,factory,0,2095
B_q1e-05,zero,0.5,0.00877994569782206,0.018904200430635922,2.4716045434306295,3.4471464040709012,147,static_dark,right,factory,0,2095
B_q1e-05,est,0.5,0.008190196946420421,0.01680808213493259,0.6854454387371554,1.2427103814361204,147,static_dark,right,factory,0,2095
B_q1e-05,true,0.5,0.0073654765300543625,0.01862704581488646,0.19515180530598258,0.3755935616980382,147,static_dark,right,factory,0,2095
B_q1e-05,zero,1.0,0.013319650565128014,0.02845968840301081,7.4898383890331655,12.215587806893602,147,static_dark,right,factory,0,2095
B_q1e-05,est,1.0,0.01193786272295583,0.025659488217997052,2.281108957886191,4.223551634457482,147,static_dark,right,factory,0,2095
B_q1e-05,true,1.0,0.011423235031001084,0.028315880991719947,0.6754436101652935,1.2442196383505928,147,static_dark,right,factory,0,2095
A_dtw30+accel0,zero,0.022,0.0016117648502886842,0.00299199979869817,0.0036520638121557694,0.006029305149544046,147,static_dark,right,factory,1,2095
A_dtw30+accel0,est,0.022,0.0031189147872279868,0.004883284145374439,0.0036610523888640023,0.006033514824188654,147,static_dark,right,factory,1,2095
A_dtw30+accel0,true,0.022,0.0015869891409123391,0.0029321935873545947,0.0024475195909372835,0.005083585410551024,147,static_dark,right,factory,1,2095
A_dtw30+accel0,zero,0.044,0.002487914771169132,0.005332585060421662,0.013774289664732034,0.020378282102911857,147,static_dark,right,factory,1,2095
A_dtw30+accel0,est,0.044,0.0062350020152782595,0.009305988451403903,0.013839063886784653,0.02020242719753361,147,static_dark,right,factory,1,2095
A_dtw30+accel0,true,0.044,0.0025240490306247328,0.00529079914043766,0.0077354025042375455,0.015958428940019125,147,static_dark,right,factory,1,2095
A_dtw30+accel0,zero,0.088,0.0038672065466695987,0.0088115940934831,0.05159456390732579,0.07393688542716888,147,static_dark,right,factory,1,2095
A_dtw30+accel0,est,0.088,0.011954374981357678,0.01739542932463734,0.0524146066800429,0.07427411741720763,147,static_dark,right,factory,1,2095
A_dtw30+accel0,true,0.088,0.003686742306672579,0.008892389622882755,0.021014194887309847,0.04391517992879576,147,static_dark,right,factory,1,2095
A_dtw30+accel0,zero,0.25,0.005868851290200743,0.01392046597912395,0.3913066176326479,0.47930917818953134,147,static_dark,right,factory,1,2095
A_dtw30+accel0,est,0.25,0.03097708532830603,0.04453733492897114,0.39791664491732576,0.4835879253499269,147,static_dark,right,factory,1,2095
A_dtw30+accel0,true,0.25,0.005444725151530988,0.012848311720266566,0.06944308205928308,0.14667605089141875,147,static_dark,right,factory,1,2095
A_dtw30+accel0,zero,0.5,0.008894984647096333,0.01905048874234834,1.4406175462387432,1.7807265914347192,147,static_dark,right,factory,1,2095
A_dtw30+accel0,est,0.5,0.05569153042592837,0.08584988378457949,1.5222384411777974,1.875063620801032,147,static_dark,right,factory,1,2095
A_dtw30+accel0,true,0.5,0.00833013554740999,0.018851587794821364,0.2201447027603732,0.40810334590402386,147,static_dark,right,factory,1,2095
A_dtw30+accel0,zero,1.0,0.013006542983111095,0.02645238339706309,4.931131688841676,6.4517274136618505,147,static_dark,right,factory,1,2095
A_dtw30+accel0,est,1.0,0.08937380347053153,0.16238998410154468,5.917839042953921,7.747301480563738,147,static_dark,right,factory,1,2095
A_dtw30+accel0,true,1.0,0.011609229919296827,0.029711276766486768,0.7224209903177016,1.3002546302092302,147,static_dark,right,factory,1,2095
C_gyro_W30+accel0,zero,0.022,0.0016117648502886842,0.00299199979869817,0.0036520638121557694,0.006029305149544046,147,static_dark,right,factory,1,2095
C_gyro_W30+accel0,est,0.022,0.0017431216761104637,0.003183797281118671,0.003653070386177448,0.006029834506801653,147,static_dark,right,factory,1,2095
C_gyro_W30+accel0,true,0.022,0.0015869891409123391,0.0029321935873545947,0.0024475195909372835,0.005083585410551024,147,static_dark,right,factory,1,2095
C_gyro_W30+accel0,zero,0.044,0.002487914771169132,0.005332585060421662,0.013774289664732034,0.020378282102911857,147,static_dark,right,factory,1,2095
C_gyro_W30+accel0,est,0.044,0.0029938029483028692,0.005742769053795729,0.013761165069126108,0.020394567020754126,147,static_dark,right,factory,1,2095
C_gyro_W30+accel0,true,0.044,0.0025240490306247328,0.00529079914043766,0.0077354025042375455,0.015958428940019125,147,static_dark,right,factory,1,2095
C_gyro_W30+accel0,zero,0.088,0.0038672065466695987,0.0088115940934831,0.05159456390732579,0.07393688542716888,147,static_dark,right,factory,1,2095
C_gyro_W30+accel0,est,0.088,0.004598262578327533,0.00997643382570051,0.05213102028445018,0.07387818257634221,147,static_dark,right,factory,1,2095
C_gyro_W30+accel0,true,0.088,0.003686742306672579,0.008892389622882755,0.021014194887309847,0.04391517992879576,147,static_dark,right,factory,1,2095
C_gyro_W30+accel0,zero,0.25,0.005868851290200743,0.01392046597912395,0.3913066176326479,0.47930917818953134,147,static_dark,right,factory,1,2095
C_gyro_W30+accel0,est,0.25,0.008504235041542595,0.017648522593176164,0.39347157703025715,0.4833265282688919,147,static_dark,right,factory,1,2095
C_gyro_W30+accel0,true,0.25,0.005444725151530988,0.012848311720266566,0.06944308205928308,0.14667605089141875,147,static_dark,right,factory,1,2095
C_gyro_W30+accel0,zero,0.5,0.008894984647096333,0.01905048874234834,1.4406175462387432,1.7807265914347192,147,static_dark,right,factory,1,2095
C_gyro_W30+accel0,est,0.5,0.012723809934084661,0.028335181494144646,1.4618244802598033,1.7912707876232852,147,static_dark,right,factory,1,2095
C_gyro_W30+accel0,true,0.5,0.00833013554740999,0.018851587794821364,0.2201447027603732,0.40810334590402386,147,static_dark,right,factory,1,2095
C_gyro_W30+accel0,zero,1.0,0.013006542983111095,0.02645238339706309,4.931131688841676,6.4517274136618505,147,static_dark,right,factory,1,2095
C_gyro_W30+accel0,est,1.0,0.01836369644396165,0.043559601612104454,4.830338427773805,6.497413247145411,147,static_dark,right,factory,1,2095
C_gyro_W30+accel0,true,1.0,0.011609229919296827,0.029711276766486768,0.7224209903177016,1.3002546302092302,147,static_dark,right,factory,1,2095
B_q1e-05,zero,0.022,0.0016117648502886842,0.00299199979869817,0.0036520638121557694,0.006029305149544046,147,static_dark,right,factory,1,2095
B_q1e-05,est,0.022,0.0015735553552667315,0.002997824260638298,0.0028947832561942986,0.005183901413060963,147,static_dark,right,factory,1,2095
B_q1e-05,true,0.022,0.0015869891409123391,0.0029321935873545947,0.0024475195909372835,0.005083585410551024,147,static_dark,right,factory,1,2095
B_q1e-05,zero,0.044,0.002487914771169132,0.005332585060421662,0.013774289664732034,0.020378282102911857,147,static_dark,right,factory,1,2095
B_q1e-05,est,0.044,0.002472239155233427,0.005372990795158143,0.009414638480658847,0.01539929418260203,147,static_dark,right,factory,1,2095
B_q1e-05,true,0.044,0.0025240490306247328,0.00529079914043766,0.0077354025042375455,0.015958428940019125,147,static_dark,right,factory,1,2095
B_q1e-05,zero,0.088,0.0038672065466695987,0.0088115940934831,0.05159456390732579,0.07393688542716888,147,static_dark,right,factory,1,2095
B_q1e-05,est,0.088,0.0038362004389992143,0.008865266524694946,0.030449077660025047,0.050609448350029465,147,static_dark,right,factory,1,2095
B_q1e-05,true,0.088,0.003686742306672579,0.008892389622882755,0.021014194887309847,0.04391517992879576,147,static_dark,right,factory,1,2095
B_q1e-05,zero,0.25,0.005868851290200743,0.01392046597912395,0.3913066176326479,0.47930917818953134,147,static_dark,right,factory,1,2095
B_q1e-05,est,0.25,0.00564116287233932,0.013099090827999057,0.15306541156701914,0.2866692914545445,147,static_dark,right,factory,1,2095
B_q1e-05,true,0.25,0.005444725151530988,0.012848311720266566,0.06944308205928308,0.14667605089141875,147,static_dark,right,factory,1,2095
B_q1e-05,zero,0.5,0.008894984647096333,0.01905048874234834,1.4406175462387432,1.7807265914347192,147,static_dark,right,factory,1,2095
B_q1e-05,est,0.5,0.008281707852747143,0.018473904194777537,0.5158676000321236,1.0414098400833638,147,static_dark,right,factory,1,2095
B_q1e-05,true,0.5,0.00833013554740999,0.018851587794821364,0.2201447027603732,0.40810334590402386,147,static_dark,right,factory,1,2095
B_q1e-05,zero,1.0,0.013006542983111095,0.02645238339706309,4.931131688841676,6.4517274136618505,147,static_dark,right,factory,1,2095
B_q1e-05,est,1.0,0.01306686848615425,0.029102417493760788,1.7467632694593076,3.9081890560115506,147,static_dark,right,factory,1,2095
B_q1e-05,true,1.0,0.011609229919296827,0.029711276766486768,0.7224209903177016,1.3002546302092302,147,static_dark,right,factory,1,2095
A_dtw30+accel0,zero,0.022,0.0014301100785045402,0.003285549044536012,0.005929355819713544,0.008505151497347341,147,static_dark,right,factory,2,2095
A_dtw30+accel0,est,0.022,0.0035362787403055026,0.005255858319550476,0.0059221494530349635,0.00850119111098353,147,static_dark,right,factory,2,2095
A_dtw30+accel0,true,0.022,0.0014923955443041936,0.0032825189634454978,0.0025066863604518083,0.004652697337281743,147,static_dark,right,factory,2,2095
A_dtw30+accel0,zero,0.044,0.0025647435881173478,0.005305017822503474,0.024063176524166518,0.032042085576140675,147,static_dark,right,factory,2,2095
A_dtw30+accel0,est,0.044,0.0067237517259895645,0.010200709919280328,0.023799631575670492,0.03210738505958123,147,static_dark,right,factory,2,2095
A_dtw30+accel0,true,0.044,0.0025264725221624106,0.005254414506398788,0.007365383727816595,0.014500728428034945,147,static_dark,right,factory,2,2095
A_dtw30+accel0,zero,0.088,0.003991355736697469,0.008486481990722869,0.09402556797603268,0.12121047471564046,147,static_dark,right,factory,2,2095
A_dtw30+accel0,est,0.088,0.013064087576989595,0.01867516639159575,0.09403318810203545,0.12158168774675984,147,static_dark,right,factory,2,2095
A_dtw30+accel0,true,0.088,0.003853730336036789,0.008546722968730058,0.021125454900669752,0.0427785188167948,147,static_dark,right,factory,2,2095
A_dtw30+accel0,zero,0.25,0.006349344001576449,0.013405036983119725,0.7382617578525432,0.8497455788202302,147,static_dark,right,factory,2,2095
A_dtw30+accel0,est,0.25,0.03672885396791562,0.050367448147123614,0.7375503764671228,0.8626673044277343,147,static_dark,right,factory,2,2095
A_dtw30+accel0,true,0.25,0.005696070480841594,0.013034038346834215,0.0759545788382378,0.14336844259268347,147,static_dark,right,factory,2,2095
A_dtw30+accel0,zero,0.5,0.007948264238020012,0.01779582306562261,2.790133366944946,3.1822560962648243,147,static_dark,right,factory,2,2095
A_dtw30+accel0,est,0.5,0.06658200890585587,0.0949793342708573,2.8658747130382594,3.2996340893338725,147,static_dark,right,factory,2,2095
A_dtw30+accel0,true,0.5,0.00803324679780587,0.01751698976017824,0.19802634411855274,0.36048045528064687,147,static_dark,right,factory,2,2095
A_dtw30+accel0,zero,1.0,0.01243791104716808,0.02717485902405099,9.677189472179785,11.654871354532418,147,static_dark,right,factory,2,2095
A_dtw30+accel0,est,1.0,0.10411068447221765,0.16801578337758094,10.313149101257114,13.127461495837066,147,static_dark,right,factory,2,2095
A_dtw30+accel0,true,1.0,0.011620029721219572,0.027044187547392438,0.6588181133516703,1.3452966850661452,147,static_dark,right,factory,2,2095
C_gyro_W30+accel0,zero,0.022,0.0014301100785045402,0.003285549044536012,0.005929355819713544,0.008505151497347341,147,static_dark,right,factory,2,2095
C_gyro_W30+accel0,est,0.022,0.0015315063560361005,0.0031499762541470668,0.00593142343887513,0.008504656383032492,147,static_dark,right,factory,2,2095
C_gyro_W30+accel0,true,0.022,0.0014923955443041936,0.0032825189634454978,0.0025066863604518083,0.004652697337281743,147,static_dark,right,factory,2,2095
C_gyro_W30+accel0,zero,0.044,0.0025647435881173478,0.005305017822503474,0.024063176524166518,0.032042085576140675,147,static_dark,right,factory,2,2095
C_gyro_W30+accel0,est,0.044,0.002780948152676115,0.005275472743866747,0.02407770659078406,0.03207058260104766,147,static_dark,right,factory,2,2095
C_gyro_W30+accel0,true,0.044,0.0025264725221624106,0.005254414506398788,0.007365383727816595,0.014500728428034945,147,static_dark,right,factory,2,2095
C_gyro_W30+accel0,zero,0.088,0.003991355736697469,0.008486481990722869,0.09402556797603268,0.12121047471564046,147,static_dark,right,factory,2,2095
C_gyro_W30+accel0,est,0.088,0.0042200943020639405,0.008919071872831795,0.09381906673930104,0.12128981710809351,147,static_dark,right,factory,2,2095
C_gyro_W30+accel0,true,0.088,0.003853730336036789,0.008546722968730058,0.021125454900669752,0.0427785188167948,147,static_dark,right,factory,2,2095
C_gyro_W30+accel0,zero,0.25,0.006349344001576449,0.013405036983119725,0.7382617578525432,0.8497455788202302,147,static_dark,right,factory,2,2095
C_gyro_W30+accel0,est,0.25,0.00761758406014533,0.01692602594637542,0.7363556979846898,0.8534821981736052,147,static_dark,right,factory,2,2095
C_gyro_W30+accel0,true,0.25,0.005696070480841594,0.013034038346834215,0.0759545788382378,0.14336844259268347,147,static_dark,right,factory,2,2095
C_gyro_W30+accel0,zero,0.5,0.007948264238020012,0.01779582306562261,2.790133366944946,3.1822560962648243,147,static_dark,right,factory,2,2095
C_gyro_W30+accel0,est,0.5,0.011202049204886759,0.027438564203376023,2.81565084986946,3.1826664130146654,147,static_dark,right,factory,2,2095
C_gyro_W30+accel0,true,0.5,0.00803324679780587,0.01751698976017824,0.19802634411855274,0.36048045528064687,147,static_dark,right,factory,2,2095
C_gyro_W30+accel0,zero,1.0,0.01243791104716808,0.02717485902405099,9.677189472179785,11.654871354532418,147,static_dark,right,factory,2,2095
C_gyro_W30+accel0,est,1.0,0.01599148816353077,0.04222030258256787,9.795744456107348,11.860845289145923,147,static_dark,right,factory,2,2095
C_gyro_W30+accel0,true,1.0,0.011620029721219572,0.027044187547392438,0.6588181133516703,1.3452966850661452,147,static_dark,right,factory,2,2095
B_q1e-05,zero,0.022,0.0014301100785045402,0.003285549044536012,0.005929355819713544,0.008505151497347341,147,static_dark,right,factory,2,2095
B_q1e-05,est,0.022,0.0014844697805401874,0.003317741917367589,0.0028945501403114735,0.005083934508118791,147,static_dark,right,factory,2,2095
B_q1e-05,true,0.022,0.0014923955443041936,0.0032825189634454978,0.0025066863604518083,0.004652697337281743,147,static_dark,right,factory,2,2095
B_q1e-05,zero,0.044,0.0025647435881173478,0.005305017822503474,0.024063176524166518,0.032042085576140675,147,static_dark,right,factory,2,2095
B_q1e-05,est,0.044,0.002523642505861029,0.005207956139247286,0.009522919565062458,0.016012118960549385,147,static_dark,right,factory,2,2095
B_q1e-05,true,0.044,0.0025264725221624106,0.005254414506398788,0.007365383727816595,0.014500728428034945,147,static_dark,right,factory,2,2095
B_q1e-05,zero,0.088,0.003991355736697469,0.008486481990722869,0.09402556797603268,0.12121047471564046,147,static_dark,right,factory,2,2095
B_q1e-05,est,0.088,0.0038238171409162923,0.00852211741172998,0.031192330827206818,0.055934899433198244,147,static_dark,right,factory,2,2095
B_q1e-05,true,0.088,0.003853730336036789,0.008546722968730058,0.021125454900669752,0.0427785188167948,147,static_dark,right,factory,2,2095
B_q1e-05,zero,0.25,0.006349344001576449,0.013405036983119725,0.7382617578525432,0.8497455788202302,147,static_dark,right,factory,2,2095
B_q1e-05,est,0.25,0.005671949392699842,0.013509625921081425,0.19259335330570992,0.27207573572293564,147,static_dark,right,factory,2,2095
B_q1e-05,true,0.25,0.005696070480841594,0.013034038346834215,0.0759545788382378,0.14336844259268347,147,static_dark,right,factory,2,2095
B_q1e-05,zero,0.5,0.007948264238020012,0.01779582306562261,2.790133366944946,3.1822560962648243,147,static_dark,right,factory,2,2095
B_q1e-05,est,0.5,0.008185235680853243,0.017346747027764085,0.7074737127941284,0.9684544957224833,147,static_dark,right,factory,2,2095
B_q1e-05,true,0.5,0.00803324679780587,0.01751698976017824,0.19802634411855274,0.36048045528064687,147,static_dark,right,factory,2,2095
B_q1e-05,zero,1.0,0.01243791104716808,0.02717485902405099,9.677189472179785,11.654871354532418,147,static_dark,right,factory,2,2095
B_q1e-05,est,1.0,0.011907721886547755,0.02588690964548453,2.437371267231856,3.607308863538882,147,static_dark,right,factory,2,2095
B_q1e-05,true,1.0,0.011620029721219572,0.027044187547392438,0.6588181133516703,1.3452966850661452,147,static_dark,right,factory,2,2095
A_dtw30+accel0,zero,0.022,0.024707692230380898,0.026452370101962715,0.06422060547441599,0.06756849766985806,147,static_dark,right,large,0,2095
A_dtw30+accel0,est,0.022,0.0038097347011500932,0.0055457392836191464,0.06421922562410655,0.06746493493849677,147,static_dark,right,large,0,2095
A_dtw30+accel0,true,0.022,0.001593602478556903,0.003140469458697363,0.003057348843201611,0.006145397686247628,147,static_dark,right,large,0,2095
A_dtw30+accel0,zero,0.044,0.04929679598269643,0.05262512398973331,0.2579637131815768,0.2692595359172156,147,static_dark,right,large,0,2095
A_dtw30+accel0,est,0.044,0.007433910040350547,0.010647923158129794,0.2587849496802809,0.2699363819287498,147,static_dark,right,large,0,2095
A_dtw30+accel0,true,0.044,0.0024156824205659086,0.005159590999288831,0.010283814727251568,0.021011276136816526,147,static_dark,right,large,0,2095
A_dtw30+accel0,zero,0.088,0.09810933154558016,0.102260639864156,1.0280563438251238,1.0651933565619114,147,static_dark,right,large,0,2095
A_dtw30+accel0,est,0.088,0.014007999610375,0.019727929659653854,1.0311105759700772,1.0689547664586472,147,static_dark,right,large,0,2095
A_dtw30+accel0,true,0.088,0.003624093654639915,0.008442726555525163,0.03427885107170489,0.06885730526130686,147,static_dark,right,large,0,2095
A_dtw30+accel0,zero,0.25,0.27313712180602295,0.2799996915190864,8.105887058639093,8.327315670644978,147,static_dark,right,large,0,2095
A_dtw30+accel0,est,0.25,0.037019434664113095,0.054226897139696265,8.18121371657786,8.450421548578722,147,static_dark,right,large,0,2095
A_dtw30+accel0,true,0.25,0.005175023133048082,0.012514789003715308,0.2316926831666761,0.4639880252813756,147,static_dark,right,large,0,2095
A_dtw30+accel0,zero,0.5,0.5041630855932846,0.5474843557017022,30.607569583131145,33.1325975775941,147,static_dark,right,large,0,2095
A_dtw30+accel0,est,0.5,0.07073667854275366,0.10245012465493693,31.421323366563254,32.94194004859622,147,static_dark,right,large,0,2095
A_dtw30+accel0,true,0.5,0.007365476530046635,0.01862704581488053,0.7645656760312143,1.5506545090497734,147,static_dark,right,large,0,2095
A_dtw30+accel0,zero,1.0,0.854354080167007,1.0274083724682346,107.38376011588339,125.68112460457237,147,static_dark,right,large,0,2095
A_dtw30+accel0,est,1.0,0.1196754697944493,0.18065853720291217,110.76807212680116,126.73561619592351,147,static_dark,right,large,0,2095
A_dtw30+accel0,true,1.0,0.011423235030994225,0.028315880991722688,2.2102145653723695,3.935637089816136,147,static_dark,right,large,0,2095
C_gyro_W30+accel0,zero,0.022,0.024707692230380898,0.026452370101962715,0.06422060547441599,0.06756849766985806,147,static_dark,right,large,0,2095
C_gyro_W30+accel0,est,0.022,0.0018412907248191142,0.003173266561328065,0.06422269244755587,0.0674605691958653,147,static_dark,right,large,0,2095
C_gyro_W30+accel0,true,0.022,0.001593602478556903,0.003140469458697363,0.003057348843201611,0.006145397686247628,147,static_dark,right,large,0,2095
C_gyro_W30+accel0,zero,0.044,0.04929679598269643,0.05262512398973331,0.2579637131815768,0.2692595359172156,147,static_dark,right,large,0,2095
C_gyro_W30+accel0,est,0.044,0.003045535874794969,0.005583825626043913,0.258670882349555,0.27001430319473463,147,static_dark,right,large,0,2095
C_gyro_W30+accel0,true,0.044,0.0024156824205659086,0.005159590999288831,0.010283814727251568,0.021011276136816526,147,static_dark,right,large,0,2095
C_gyro_W30+accel0,zero,0.088,0.09810933154558016,0.102260639864156,1.0280563438251238,1.0651933565619114,147,static_dark,right,large,0,2095
C_gyro_W30+accel0,est,0.088,0.004363947246250439,0.009990784901649983,1.0292882691362502,1.0689699963448038,147,static_dark,right,large,0,2095
C_gyro_W30+accel0,true,0.088,0.003624093654639915,0.008442726555525163,0.03427885107170489,0.06885730526130686,147,static_dark,right,large,0,2095
C_gyro_W30+accel0,zero,0.25,0.27313712180602295,0.2799996915190864,8.105887058639093,8.327315670644978,147,static_dark,right,large,0,2095
C_gyro_W30+accel0,est,0.25,0.008400831244071762,0.017262902808496485,8.160134997392658,8.458120688797571,147,static_dark,right,large,0,2095
C_gyro_W30+accel0,true,0.25,0.005175023133048082,0.012514789003715308,0.2316926831666761,0.4639880252813756,147,static_dark,right,large,0,2095
C_gyro_W30+accel0,zero,0.5,0.5041630855932846,0.5474843557017022,30.607569583131145,33.1325975775941,147,static_dark,right,large,0,2095
C_gyro_W30+accel0,est,0.5,0.0129010568525404,0.0283395117800377,31.331284018571022,32.922846298677875,147,static_dark,right,large,0,2095
C_gyro_W30+accel0,true,0.5,0.007365476530046635,0.01862704581488053,0.7645656760312143,1.5506545090497734,147,static_dark,right,large,0,2095
C_gyro_W30+accel0,zero,1.0,0.854354080167007,1.0274083724682346,107.38376011588339,125.68112460457237,147,static_dark,right,large,0,2095
C_gyro_W30+accel0,est,1.0,0.019928480773881128,0.042246013732164495,108.11409758084865,126.54166423281963,147,static_dark,right,large,0,2095
C_gyro_W30+accel0,true,1.0,0.011423235030994225,0.028315880991722688,2.2102145653723695,3.935637089816136,147,static_dark,right,large,0,2095
B_q1e-05,zero,0.022,0.024707692230380898,0.026452370101962715,0.06422060547441599,0.06756849766985806,147,static_dark,right,large,0,2095
B_q1e-05,est,0.022,0.001611402547759786,0.0030444773463473803,0.003278785042605301,0.006222819189873757,147,static_dark,right,large,0,2095
B_q1e-05,true,0.022,0.001593602478556903,0.003140469458697363,0.003057348843201611,0.006145397686247628,147,static_dark,right,large,0,2095
B_q1e-05,zero,0.044,0.04929679598269643,0.05262512398973331,0.2579637131815768,0.2692595359172156,147,static_dark,right,large,0,2095
B_q1e-05,est,0.044,0.0025016209751941966,0.00532565460209525,0.011399763380979784,0.020986792428993657,147,static_dark,right,large,0,2095
B_q1e-05,true,0.044,0.0024156824205659086,0.005159590999288831,0.010283814727251568,0.021011276136816526,147,static_dark,right,large,0,2095
B_q1e-05,zero,0.088,0.09810933154558016,0.102260639864156,1.0280563438251238,1.0651933565619114,147,static_dark,right,large,0,2095
B_q1e-05,est,0.088,0.003557198135891415,0.008665617938753244,0.04330862962058072,0.07760505988117998,147,static_dark,right,large,0,2095
B_q1e-05,true,0.088,0.003624093654639915,0.008442726555525163,0.03427885107170489,0.06885730526130686,147,static_dark,right,large,0,2095
B_q1e-05,zero,0.25,0.27313712180602295,0.2799996915190864,8.105887058639093,8.327315670644978,147,static_dark,right,large,0,2095
B_q1e-05,est,0.25,0.005792384577846984,0.012762174586361722,0.31468204285837004,0.5431070798366716,147,static_dark,right,large,0,2095
B_q1e-05,true,0.25,0.005175023133048082,0.012514789003715308,0.2316926831666761,0.4639880252813756,147,static_dark,right,large,0,2095
B_q1e-05,zero,0.5,0.5041630855932846,0.5474843557017022,30.607569583131145,33.1325975775941,147,static_dark,right,large,0,2095
B_q1e-05,est,0.5,0.008422829998375115,0.017336066285287808,1.1644922815005367,1.8282413653131582,147,static_dark,right,large,0,2095
B_q1e-05,true,0.5,0.007365476530046635,0.01862704581488053,0.7645656760312143,1.5506545090497734,147,static_dark,right,large,0,2095
B_q1e-05,zero,1.0,0.854354080167007,1.0274083724682346,107.38376011588339,125.68112460457237,147,static_dark,right,large,0,2095
B_q1e-05,est,1.0,0.012739904165002647,0.02546275299702915,3.680316907373227,5.286896771148423,147,static_dark,right,large,0,2095
B_q1e-05,true,1.0,0.011423235030994225,0.028315880991722688,2.2102145653723695,3.935637089816136,147,static_dark,right,large,0,2095
A_dtw30+accel0,zero,0.022,0.024376258484035702,0.02626548074334953,0.06394078041226098,0.06673174778835422,147,static_dark,right,large,1,2095
A_dtw30+accel0,est,0.022,0.0031169461636635686,0.004889088994097494,0.06398782684982934,0.066782716393919,147,static_dark,right,large,1,2095
A_dtw30+accel0,true,0.022,0.0015869891409123391,0.0029321935873545947,0.0030083528428863095,0.0064750387687909665,147,static_dark,right,large,1,2095
A_dtw30+accel0,zero,0.044,0.048887576856023185,0.052076900212720045,0.256624264005622,0.2645388185624604,147,static_dark,right,large,1,2095
A_dtw30+accel0,est,0.044,0.006189080337276222,0.00926294697290316,0.25660640039446647,0.2654832939469987,147,static_dark,right,large,1,2095
A_dtw30+accel0,true,0.044,0.0025240490306247328,0.005290799140436846,0.0106323450620885,0.022325040820016906,147,static_dark,right,large,1,2095
A_dtw30+accel0,zero,0.088,0.09749905242217834,0.10100031590944125,1.0234224585215386,1.0470759039737323,147,static_dark,right,large,1,2095
A_dtw30+accel0,est,0.088,0.011893965548422347,0.017389700768136,1.0261111432761811,1.0539190607017606,147,static_dark,right,large,1,2095
A_dtw30+accel0,true,0.088,0.003686742306672579,0.00889238962288308,0.03568043449775511,0.07405035277946606,147,static_dark,right,large,1,2095
A_dtw30+accel0,zero,0.25,0.27061625864238975,0.2779950371775092,8.049391031990528,8.344328122977839,147,static_dark,right,large,1,2095
A_dtw30+accel0,est,0.25,0.030850337597713537,0.04437807793152701,8.154922312481563,8.313321675537782,147,static_dark,right,large,1,2095
A_dtw30+accel0,true,0.25,0.0054447251515281824,0.012848311720266221,0.23184250021138372,0.4991609475051787,147,static_dark,right,large,1,2095
A_dtw30+accel0,zero,0.5,0.5005641743066045,0.5432915558849646,30.597590078142563,33.16747595591241,147,static_dark,right,large,1,2095
A_dtw30+accel0,est,0.5,0.05525301468227814,0.08551864984501975,31.02316394777735,32.76249894812687,147,static_dark,right,large,1,2095
A_dtw30+accel0,true,0.5,0.008330135547405892,0.018851587794811664,0.8009179281457581,1.5142001745908737,147,static_dark,right,large,1,2095
A_dtw30+accel0,zero,1.0,0.8486044973567928,1.019160687656381,106.47725034310412,125.81369131881162,147,static_dark,right,large,1,2095
A_dtw30+accel0,est,1.0,0.08909805745916839,0.16176364975695015,108.1903361513772,125.85638439689718,147,static_dark,right,large,1,2095
A_dtw30+accel0,true,1.0,0.011609229919313022,0.029711276766483382,2.3553307580500245,3.899946243672522,147,static_dark,right,large,1,2095
C_gyro_W30+accel0,zero,0.022,0.024376258484035702,0.02626548074334953,0.06394078041226098,0.06673174778835422,147,static_dark,right,large,1,2095
C_gyro_W30+accel0,est,0.022,0.0017457303501958296,0.003184691516860174,0.06397227859699944,0.06681217968261154,147,static_dark,right,large,1,2095
C_gyro_W30+accel0,true,0.022,0.0015869891409123391,0.0029321935873545947,0.0030083528428863095,0.0064750387687909665,147,static_dark,right,large,1,2095
C_gyro_W30+accel0,zero,0.044,0.048887576856023185,0.052076900212720045,0.256624264005622,0.2645388185624604,147,static_dark,right,large,1,2095
C_gyro_W30+accel0,est,0.044,0.003003507414875845,0.0057624103061423675,0.2566754588416414,0.26550370717341226,147,static_dark,right,large,1,2095
C_gyro_W30+accel0,true,0.044,0.0025240490306247328,0.005290799140436846,0.0106323450620885,0.022325040820016906,147,static_dark,right,large,1,2095
C_gyro_W30+accel0,zero,0.088,0.09749905242217834,0.10100031590944125,1.0234224585215386,1.0470759039737323,147,static_dark,right,large,1,2095
C_gyro_W30+accel0,est,0.088,0.004638095351894206,0.010003939296593609,1.025415041894886,1.053689795556604,147,static_dark,right,large,1,2095
C_gyro_W30+accel0,true,0.088,0.003686742306672579,0.00889238962288308,0.03568043449775511,0.07405035277946606,147,static_dark,right,large,1,2095
C_gyro_W30+accel0,zero,0.25,0.27061625864238975,0.2779950371775092,8.049391031990528,8.344328122977839,147,static_dark,right,large,1,2095
C_gyro_W30+accel0,est,0.25,0.008621821461958772,0.01764027690371323,8.155404177750274,8.31309325158762,147,static_dark,right,large,1,2095
C_gyro_W30+accel0,true,0.25,0.0054447251515281824,0.012848311720266221,0.23184250021138372,0.4991609475051787,147,static_dark,right,large,1,2095
C_gyro_W30+accel0,zero,0.5,0.5005641743066045,0.5432915558849646,30.597590078142563,33.16747595591241,147,static_dark,right,large,1,2095
C_gyro_W30+accel0,est,0.5,0.012898521870884931,0.028441738075619293,30.99649668657183,32.76921405645394,147,static_dark,right,large,1,2095
C_gyro_W30+accel0,true,0.5,0.008330135547405892,0.018851587794811664,0.8009179281457581,1.5142001745908737,147,static_dark,right,large,1,2095
C_gyro_W30+accel0,zero,1.0,0.8486044973567928,1.019160687656381,106.47725034310412,125.81369131881162,147,static_dark,right,large,1,2095
C_gyro_W30+accel0,est,1.0,0.018564459138077107,0.0438335690715309,107.92471176131234,126.15207747485161,147,static_dark,right,large,1,2095
C_gyro_W30+accel0,true,1.0,0.011609229919313022,0.029711276766483382,2.3553307580500245,3.899946243672522,147,static_dark,right,large,1,2095
B_q1e-05,zero,0.022,0.024376258484035702,0.02626548074334953,0.06394078041226098,0.06673174778835422,147,static_dark,right,large,1,2095
B_q1e-05,est,0.022,0.0015706147911212149,0.0029903228676196247,0.0031893115261469075,0.006408715872298228,147,static_dark,right,large,1,2095
B_q1e-05,true,0.022,0.0015869891409123391,0.0029321935873545947,0.0030083528428863095,0.0064750387687909665,147,static_dark,right,large,1,2095
B_q1e-05,zero,0.044,0.048887576856023185,0.052076900212720045,0.256624264005622,0.2645388185624604,147,static_dark,right,large,1,2095
B_q1e-05,est,0.044,0.0024676995806054004,0.005384763351366525,0.0115579619493655,0.02259236466929121,147,static_dark,right,large,1,2095
B_q1e-05,true,0.044,0.0025240490306247328,0.005290799140436846,0.0106323450620885,0.022325040820016906,147,static_dark,right,large,1,2095
B_q1e-05,zero,0.088,0.09749905242217834,0.10100031590944125,1.0234224585215386,1.0470759039737323,147,static_dark,right,large,1,2095
B_q1e-05,est,0.088,0.003788667996456941,0.008888482747269276,0.040343701327411774,0.07621213204865915,147,static_dark,right,large,1,2095
B_q1e-05,true,0.088,0.003686742306672579,0.00889238962288308,0.03568043449775511,0.07405035277946606,147,static_dark,right,large,1,2095
B_q1e-05,zero,0.25,0.27061625864238975,0.2779950371775092,8.049391031990528,8.344328122977839,147,static_dark,right,large,1,2095
B_q1e-05,est,0.25,0.005514699131345822,0.013246878131470009,0.28931641460059365,0.509086612797947,147,static_dark,right,large,1,2095
B_q1e-05,true,0.25,0.0054447251515281824,0.012848311720266221,0.23184250021138372,0.4991609475051787,147,static_dark,right,large,1,2095
B_q1e-05,zero,0.5,0.5005641743066045,0.5432915558849646,30.597590078142563,33.16747595591241,147,static_dark,right,large,1,2095
B_q1e-05,est,0.5,0.00849434558067119,0.018158725587310267,1.0356575785207687,1.6967655325219617,147,static_dark,right,large,1,2095
B_q1e-05,true,0.5,0.008330135547405892,0.018851587794811664,0.8009179281457581,1.5142001745908737,147,static_dark,right,large,1,2095
B_q1e-05,zero,1.0,0.8486044973567928,1.019160687656381,106.47725034310412,125.81369131881162,147,static_dark,right,large,1,2095
B_q1e-05,est,1.0,0.012855947365789834,0.028182636094586426,3.2418659541038384,4.507936233510144,147,static_dark,right,large,1,2095
B_q1e-05,true,1.0,0.011609229919313022,0.029711276766483382,2.3553307580500245,3.899946243672522,147,static_dark,right,large,1,2095
A_dtw30+accel0,zero,0.022,0.024536311779611,0.026260379564371723,0.06694270691061611,0.06975918467945014,147,static_dark,right,large,2,2095
A_dtw30+accel0,est,0.022,0.0035395754674657077,0.005268994185750325,0.06690644962825049,0.069873936177304,147,static_dark,right,large,2,2095
A_dtw30+accel0,true,0.022,0.0014923955443041936,0.003282518963445573,0.0030431699729618973,0.006061546449576542,147,static_dark,right,large,2,2095
A_dtw30+accel0,zero,0.044,0.04899886754596421,0.05193147175052678,0.266846453351774,0.2764764909265886,147,static_dark,right,large,2,2095
A_dtw30+accel0,est,0.044,0.006740580727432902,0.010211434651800839,0.26686992068836124,0.2774118294233731,147,static_dark,right,large,2,2095
A_dtw30+accel0,true,0.044,0.0025264725221624106,0.005254414506398721,0.010623168348612969,0.021254076490574526,147,static_dark,right,large,2,2095
A_dtw30+accel0,zero,0.088,0.09763554592860957,0.10137028684257869,1.0652731419920094,1.0958231669568754,147,static_dark,right,large,2,2095
A_dtw30+accel0,est,0.088,0.013049920435906602,0.01869089077870066,1.071673166955275,1.100860714667811,147,static_dark,right,large,2,2095
A_dtw30+accel0,true,0.088,0.0038537303360374952,0.008546722968728607,0.03540779613221102,0.07131447451432614,147,static_dark,right,large,2,2095
A_dtw30+accel0,zero,0.25,0.2710550487455255,0.2782748489532578,8.414173381734374,8.67213731773461,147,static_dark,right,large,2,2095
A_dtw30+accel0,est,0.25,0.036859982469324294,0.05031392542018455,8.51100807057879,8.725242395812757,147,static_dark,right,large,2,2095
A_dtw30+accel0,true,0.25,0.005696070480841778,0.013034038346839727,0.2401480603941329,0.45120202490164607,147,static_dark,right,large,2,2095
A_dtw30+accel0,zero,0.5,0.5003255333958961,0.54384829303401,31.728430577003476,34.501797864246235,147,static_dark,right,large,2,2095
A_dtw30+accel0,est,0.5,0.06642453085838791,0.09492640058379777,32.534993372789124,34.567979526758826,147,static_dark,right,large,2,2095
A_dtw30+accel0,true,0.5,0.00803324679780953,0.01751698976017292,0.8201539403274768,1.4805957022448564,147,static_dark,right,large,2,2095
A_dtw30+accel0,zero,1.0,0.8516210136750003,1.0213047360630307,109.74496568332111,131.53941269080275,147,static_dark,right,large,2,2095
A_dtw30+accel0,est,1.0,0.10396374834404498,0.16813780470549147,113.43788325756454,133.06970603758646,147,static_dark,right,large,2,2095
A_dtw30+accel0,true,1.0,0.011620029721235032,0.02704418754739198,2.222194389681504,3.7124339848088392,147,static_dark,right,large,2,2095
C_gyro_W30+accel0,zero,0.022,0.024536311779611,0.026260379564371723,0.06694270691061611,0.06975918467945014,147,static_dark,right,large,2,2095
C_gyro_W30+accel0,est,0.022,0.0015288646127147652,0.00314503945702717,0.06690140738918526,0.06986067130344466,147,static_dark,right,large,2,2095
C_gyro_W30+accel0,true,0.022,0.0014923955443041936,0.003282518963445573,0.0030431699729618973,0.006061546449576542,147,static_dark,right,large,2,2095
C_gyro_W30+accel0,zero,0.044,0.04899886754596421,0.05193147175052678,0.266846453351774,0.2764764909265886,147,static_dark,right,large,2,2095
C_gyro_W30+accel0,est,0.044,0.0027981329004120982,0.0052885563853472956,0.2670621337596185,0.27752455417881117,147,static_dark,right,large,2,2095
C_gyro_W30+accel0,true,0.044,0.0025264725221624106,0.005254414506398721,0.010623168348612969,0.021254076490574526,147,static_dark,right,large,2,2095
C_gyro_W30+accel0,zero,0.088,0.09763554592860957,0.10137028684257869,1.0652731419920094,1.0958231669568754,147,static_dark,right,large,2,2095
C_gyro_W30+accel0,est,0.088,0.004250711157182281,0.008933340445683967,1.0712878515358142,1.1010573418710365,147,static_dark,right,large,2,2095
C_gyro_W30+accel0,true,0.088,0.0038537303360374952,0.008546722968728607,0.03540779613221102,0.07131447451432614,147,static_dark,right,large,2,2095
C_gyro_W30+accel0,zero,0.25,0.2710550487455255,0.2782748489532578,8.414173381734374,8.67213731773461,147,static_dark,right,large,2,2095
C_gyro_W30+accel0,est,0.25,0.007607636688745893,0.01699913859888712,8.510195825180048,8.7222196179221,147,static_dark,right,large,2,2095
C_gyro_W30+accel0,true,0.25,0.005696070480841778,0.013034038346839727,0.2401480603941329,0.45120202490164607,147,static_dark,right,large,2,2095
C_gyro_W30+accel0,zero,0.5,0.5003255333958961,0.54384829303401,31.728430577003476,34.501797864246235,147,static_dark,right,large,2,2095
C_gyro_W30+accel0,est,0.5,0.011160292528196364,0.027622571832760477,32.32644326319392,34.52601724704054,147,static_dark,right,large,2,2095
C_gyro_W30+accel0,true,0.5,0.00803324679780953,0.01751698976017292,0.8201539403274768,1.4805957022448564,147,static_dark,right,large,2,2095
C_gyro_W30+accel0,zero,1.0,0.8516210136750003,1.0213047360630307,109.74496568332111,131.53941269080275,147,static_dark,right,large,2,2095
C_gyro_W30+accel0,est,1.0,0.015711710925612694,0.04227660666392738,113.04111154155866,132.14721420401875,147,static_dark,right,large,2,2095
C_gyro_W30+accel0,true,1.0,0.011620029721235032,0.02704418754739198,2.222194389681504,3.7124339848088392,147,static_dark,right,large,2,2095
B_q1e-05,zero,0.022,0.024536311779611,0.026260379564371723,0.06694270691061611,0.06975918467945014,147,static_dark,right,large,2,2095
B_q1e-05,est,0.022,0.0014861065510590173,0.0033077435135082075,0.003640484261540102,0.0062342399845583705,147,static_dark,right,large,2,2095
B_q1e-05,true,0.022,0.0014923955443041936,0.003282518963445573,0.0030431699729618973,0.006061546449576542,147,static_dark,right,large,2,2095
B_q1e-05,zero,0.044,0.04899886754596421,0.05193147175052678,0.266846453351774,0.2764764909265886,147,static_dark,right,large,2,2095
B_q1e-05,est,0.044,0.0025207185510773824,0.005221047741182401,0.0121631011206127,0.021593749077347357,147,static_dark,right,large,2,2095
B_q1e-05,true,0.044,0.0025264725221624106,0.005254414506398721,0.010623168348612969,0.021254076490574526,147,static_dark,right,large,2,2095
B_q1e-05,zero,0.088,0.09763554592860957,0.10137028684257869,1.0652731419920094,1.0958231669568754,147,static_dark,right,large,2,2095
B_q1e-05,est,0.088,0.0038628502142775173,0.008510078293156047,0.0424052884536269,0.08270383411552383,147,static_dark,right,large,2,2095
B_q1e-05,true,0.088,0.0038537303360374952,0.008546722968728607,0.03540779613221102,0.07131447451432614,147,static_dark,right,large,2,2095
B_q1e-05,zero,0.25,0.2710550487455255,0.2782748489532578,8.414173381734374,8.67213731773461,147,static_dark,right,large,2,2095
B_q1e-05,est,0.25,0.005686851927504078,0.013770792947857664,0.30776329652501655,0.5083383776655601,147,static_dark,right,large,2,2095
B_q1e-05,true,0.25,0.005696070480841778,0.013034038346839727,0.2401480603941329,0.45120202490164607,147,static_dark,right,large,2,2095
B_q1e-05,zero,0.5,0.5003255333958961,0.54384829303401,31.728430577003476,34.501797864246235,147,static_dark,right,large,2,2095
B_q1e-05,est,0.5,0.008644772900507205,0.016812736366168,1.0631532583853045,1.8234236451955426,147,static_dark,right,large,2,2095
B_q1e-05,true,0.5,0.00803324679780953,0.01751698976017292,0.8201539403274768,1.4805957022448564,147,static_dark,right,large,2,2095
B_q1e-05,zero,1.0,0.8516210136750003,1.0213047360630307,109.74496568332111,131.53941269080275,147,static_dark,right,large,2,2095
B_q1e-05,est,1.0,0.012296820582611376,0.025249110810504752,3.368251526243995,5.095839201171265,147,static_dark,right,large,2,2095
B_q1e-05,true,1.0,0.011620029721235032,0.02704418754739198,2.222194389681504,3.7124339848088392,147,static_dark,right,large,2,2095
A_dtw30+accel0,zero,0.022,0.0071089787013611004,0.00901287982185991,0.01190173630571386,0.015498097622718013,147,static_dark,right,drift,0,2095
A_dtw30+accel0,est,0.022,0.0036852143585604205,0.0058571002945711674,0.01196544376342255,0.015529538084772188,147,static_dark,right,drift,0,2095
A_dtw30+accel0,true,0.022,0.001593506955171858,0.003140382956309986,0.002607075137269141,0.004946786674144512,147,static_dark,right,drift,0,2095
A_dtw30+accel0,zero,0.044,0.014316723318716898,0.018163281447365297,0.04805162624805728,0.061347075374239446,147,static_dark,right,drift,0,2095
A_dtw30+accel0,est,0.044,0.0073181520784990255,0.011299921615100914,0.04824486721104221,0.06145640334812469,147,static_dark,right,drift,0,2095
A_dtw30+accel0,true,0.044,0.0024165138672366266,0.005159089465887149,0.007683110859923442,0.014999424683057885,147,static_dark,right,drift,0,2095
A_dtw30+accel0,zero,0.088,0.028190951065534986,0.032968421297713275,0.198443825061471,0.24222790202499697,147,static_dark,right,drift,0,2095
A_dtw30+accel0,est,0.088,0.012879378985891749,0.02150774441789125,0.19878338334543016,0.24373934913575893,147,static_dark,right,drift,0,2095
A_dtw30+accel0,true,0.088,0.0036237088743885293,0.008443230409596367,0.023917406548282286,0.044614906411686354,147,static_dark,right,drift,0,2095
A_dtw30+accel0,zero,0.25,0.0781479264977784,0.08529350819825285,1.577411014680075,1.819478242610808,147,static_dark,right,drift,0,2095
A_dtw30+accel0,est,0.25,0.03408813367086444,0.05889373055244924,1.60198616455747,1.8403157211726031,147,static_dark,right,drift,0,2095
A_dtw30+accel0,true,0.25,0.005178640078093978,0.012519277447805262,0.09903637590610667,0.18349788356788907,147,static_dark,right,drift,0,2095
A_dtw30+accel0,zero,0.5,0.14267185795984144,0.15879837896862656,5.705501038587346,6.870902084641464,147,static_dark,right,drift,0,2095
A_dtw30+accel0,est,0.5,0.06350183657330363,0.1099328737199186,5.955683521330553,6.962812446848691,147,static_dark,right,drift,0,2095
A_dtw30+accel0,true,0.5,0.007291739338028987,0.018646412330056802,0.3011999403020082,0.5342201814524621,147,static_dark,right,drift,0,2095
A_dtw30+accel0,zero,1.0,0.24150593800715148,0.2867278361009993,19.95875190405023,24.996975603517964,147,static_dark,right,drift,0,2095
A_dtw30+accel0,est,1.0,0.10308336636877545,0.19221359540393454,20.933253750699713,25.747091403467124,147,static_dark,right,drift,0,2095
A_dtw30+accel0,true,1.0,0.011164649621272905,0.028319976765414798,0.9135477746643139,1.6185843571790177,147,static_dark,right,drift,0,2095
C_gyro_W30+accel0,zero,0.022,0.0071089787013611004,0.00901287982185991,0.01190173630571386,0.015498097622718013,147,static_dark,right,drift,0,2095
C_gyro_W30+accel0,est,0.022,0.0022342521883586073,0.0036544381773445495,0.011924415592456,0.015511769661274438,147,static_dark,right,drift,0,2095
C_gyro_W30+accel0,true,0.022,0.001593506955171858,0.003140382956309986,0.002607075137269141,0.004946786674144512,147,static_dark,right,drift,0,2095
C_gyro_W30+accel0,zero,0.044,0.014316723318716898,0.018163281447365297,0.04805162624805728,0.061347075374239446,147,static_dark,right,drift,0,2095
C_gyro_W30+accel0,est,0.044,0.0041962594857395275,0.0066600130761409,0.048166285826506186,0.06143289051452301,147,static_dark,right,drift,0,2095
C_gyro_W30+accel0,true,0.044,0.0024165138672366266,0.005159089465887149,0.007683110859923442,0.014999424683057885,147,static_dark,right,drift,0,2095
C_gyro_W30+accel0,zero,0.088,0.028190951065534986,0.032968421297713275,0.198443825061471,0.24222790202499697,147,static_dark,right,drift,0,2095
C_gyro_W30+accel0,est,0.088,0.007354312886704493,0.01107389221346941,0.1988999533919283,0.2444078681071557,147,static_dark,right,drift,0,2095
C_gyro_W30+accel0,true,0.088,0.0036237088743885293,0.008443230409596367,0.023917406548282286,0.044614906411686354,147,static_dark,right,drift,0,2095
C_gyro_W30+accel0,zero,0.25,0.0781479264977784,0.08529350819825285,1.577411014680075,1.819478242610808,147,static_dark,right,drift,0,2095
C_gyro_W30+accel0,est,0.25,0.017408902502325414,0.026596095499446838,1.596069764872003,1.8429564047700895,147,static_dark,right,drift,0,2095
C_gyro_W30+accel0,true,0.25,0.005178640078093978,0.012519277447805262,0.09903637590610667,0.18349788356788907,147,static_dark,right,drift,0,2095
C_gyro_W30+accel0,zero,0.5,0.14267185795984144,0.15879837896862656,5.705501038587346,6.870902084641464,147,static_dark,right,drift,0,2095
C_gyro_W30+accel0,est,0.5,0.030870194640034387,0.0470595299465482,5.845023926466941,6.953077135010045,147,static_dark,right,drift,0,2095
C_gyro_W30+accel0,true,0.5,0.007291739338028987,0.018646412330056802,0.3011999403020082,0.5342201814524621,147,static_dark,right,drift,0,2095
C_gyro_W30+accel0,zero,1.0,0.24150593800715148,0.2867278361009993,19.95875190405023,24.996975603517964,147,static_dark,right,drift,0,2095
C_gyro_W30+accel0,est,1.0,0.04855010017763828,0.08112189299204216,19.12073080288244,25.39753806880591,147,static_dark,right,drift,0,2095
C_gyro_W30+accel0,true,1.0,0.011164649621272905,0.028319976765414798,0.9135477746643139,1.6185843571790177,147,static_dark,right,drift,0,2095
B_q1e-05,zero,0.022,0.0071089787013611004,0.00901287982185991,0.01190173630571386,0.015498097622718013,147,static_dark,right,drift,0,2095
B_q1e-05,est,0.022,0.002627818521330426,0.004183764535215157,0.0028030458292704224,0.005348292186652958,147,static_dark,right,drift,0,2095
B_q1e-05,true,0.022,0.001593506955171858,0.003140382956309986,0.002607075137269141,0.004946786674144512,147,static_dark,right,drift,0,2095
B_q1e-05,zero,0.044,0.014316723318716898,0.018163281447365297,0.04805162624805728,0.061347075374239446,147,static_dark,right,drift,0,2095
B_q1e-05,est,0.044,0.005027326938135553,0.008126211333725852,0.009913323935086751,0.019527919582710895,147,static_dark,right,drift,0,2095
B_q1e-05,true,0.044,0.0024165138672366266,0.005159089465887149,0.007683110859923442,0.014999424683057885,147,static_dark,right,drift,0,2095
B_q1e-05,zero,0.088,0.028190951065534986,0.032968421297713275,0.198443825061471,0.24222790202499697,147,static_dark,right,drift,0,2095
B_q1e-05,est,0.088,0.009381534630774478,0.01429527905584676,0.03344249974613967,0.06923099643165141,147,static_dark,right,drift,0,2095
B_q1e-05,true,0.088,0.0036237088743885293,0.008443230409596367,0.023917406548282286,0.044614906411686354,147,static_dark,right,drift,0,2095
B_q1e-05,zero,0.25,0.0781479264977784,0.08529350819825285,1.577411014680075,1.819478242610808,147,static_dark,right,drift,0,2095
B_q1e-05,est,0.25,0.025430488069918773,0.03048210143814921,0.24432183264775786,0.4076399206832999,147,static_dark,right,drift,0,2095
B_q1e-05,true,0.25,0.005178640078093978,0.012519277447805262,0.09903637590610667,0.18349788356788907,147,static_dark,right,drift,0,2095
B_q1e-05,zero,0.5,0.14267185795984144,0.15879837896862656,5.705501038587346,6.870902084641464,147,static_dark,right,drift,0,2095
B_q1e-05,est,0.5,0.044746344692508176,0.053814374011584586,0.9048363216458267,1.4093940118701134,147,static_dark,right,drift,0,2095
B_q1e-05,true,0.5,0.007291739338028987,0.018646412330056802,0.3011999403020082,0.5342201814524621,147,static_dark,right,drift,0,2095
B_q1e-05,zero,1.0,0.24150593800715148,0.2867278361009993,19.95875190405023,24.996975603517964,147,static_dark,right,drift,0,2095
B_q1e-05,est,1.0,0.07618555387809303,0.0962540655863706,3.2154523126964185,4.8400299893796115,147,static_dark,right,drift,0,2095
B_q1e-05,true,1.0,0.011164649621272905,0.028319976765414798,0.9135477746643139,1.6185843571790177,147,static_dark,right,drift,0,2095
A_dtw30+accel0,zero,0.022,0.0068756709147415745,0.008959430568264077,0.0120523146802621,0.014472627265790995,147,static_dark,right,drift,1,2095
A_dtw30+accel0,est,0.022,0.0033983625004693242,0.005356403572404007,0.012057495078432415,0.014484065242868827,147,static_dark,right,drift,1,2095
A_dtw30+accel0,true,0.022,0.0015868677058297352,0.002932169418501559,0.0025731332650002384,0.005079680555844059,147,static_dark,right,drift,1,2095
A_dtw30+accel0,zero,0.044,0.01399980195352572,0.017397250667715105,0.048725978888571664,0.05616510385829171,147,static_dark,right,drift,1,2095
A_dtw30+accel0,est,0.044,0.0065781268917789555,0.010327274835658495,0.04871622516661218,0.05613909484074636,147,static_dark,right,drift,1,2095
A_dtw30+accel0,true,0.044,0.0025236448290636483,0.005290716872901942,0.0076409633432888,0.01614603731376833,147,static_dark,right,drift,1,2095
A_dtw30+accel0,zero,0.088,0.027447555605709485,0.032266247736454035,0.19544926206625332,0.21850576697520127,147,static_dark,right,drift,1,2095
A_dtw30+accel0,est,0.088,0.013124815822264378,0.019478287775129735,0.19519059732648142,0.2190167503664982,147,static_dark,right,drift,1,2095
A_dtw30+accel0,true,0.088,0.0036893384218631823,0.008894414966854839,0.02164062788174039,0.04706734122125865,147,static_dark,right,drift,1,2095
A_dtw30+accel0,zero,0.25,0.07637478090481553,0.08290850742302457,1.5634156417041656,1.6757878272161577,147,static_dark,right,drift,1,2095
A_dtw30+accel0,est,0.25,0.03452615682688771,0.051474831560888806,1.5550162968604564,1.6702670541229023,147,static_dark,right,drift,1,2095
A_dtw30+accel0,true,0.25,0.00546860942935958,0.012853616046567111,0.09448568710432416,0.19500435765481794,147,static_dark,right,drift,1,2095
A_dtw30+accel0,zero,0.5,0.1392203656969089,0.15552458286339202,5.872617459109463,6.5066926576488555,147,static_dark,right,drift,1,2095
A_dtw30+accel0,est,0.5,0.056626434920534124,0.09824663349921751,5.874442009243638,6.417438465688295,147,static_dark,right,drift,1,2095
A_dtw30+accel0,true,0.5,0.008385779093723735,0.01886848751824067,0.28975291539512565,0.5333906773374869,147,static_dark,right,drift,1,2095
A_dtw30+accel0,zero,1.0,0.2369845129361409,0.2789096729955452,21.586026482972468,25.314516606997294,147,static_dark,right,drift,1,2095
A_dtw30+accel0,est,1.0,0.0921028668895017,0.1899224293573307,20.255398315365664,24.22098958008705,147,static_dark,right,drift,1,2095
A_dtw30+accel0,true,1.0,0.011524711126071712,0.02952422998613515,0.9161111610304138,1.6584925248242983,147,static_dark,right,drift,1,2095
C_gyro_W30+accel0,zero,0.022,0.0068756709147415745,0.008959430568264077,0.0120523146802621,0.014472627265790995,147,static_dark,right,drift,1,2095
C_gyro_W30+accel0,est,0.022,0.0020141438657320897,0.0035811403301384387,0.012046781237371192,0.014493923642342832,147,static_dark,right,drift,1,2095
C_gyro_W30+accel0,true,0.022,0.0015868677058297352,0.002932169418501559,0.0025731332650002384,0.005079680555844059,147,static_dark,right,drift,1,2095
C_gyro_W30+accel0,zero,0.044,0.01399980195352572,0.017397250667715105,0.048725978888571664,0.05616510385829171,147,static_dark,right,drift,1,2095
C_gyro_W30+accel0,est,0.044,0.003754581225053697,0.00644462167965832,0.04870821998354498,0.05616844550993087,147,static_dark,right,drift,1,2095
C_gyro_W30+accel0,true,0.044,0.0025236448290636483,0.005290716872901942,0.0076409633432888,0.01614603731376833,147,static_dark,right,drift,1,2095
C_gyro_W30+accel0,zero,0.088,0.027447555605709485,0.032266247736454035,0.19544926206625332,0.21850576697520127,147,static_dark,right,drift,1,2095
C_gyro_W30+accel0,est,0.088,0.006741448354755126,0.011532216167211198,0.1949888598688868,0.21889808709186487,147,static_dark,right,drift,1,2095
C_gyro_W30+accel0,true,0.088,0.0036893384218631823,0.008894414966854839,0.02164062788174039,0.04706734122125865,147,static_dark,right,drift,1,2095
C_gyro_W30+accel0,zero,0.25,0.07637478090481553,0.08290850742302457,1.5634156417041656,1.6757878272161577,147,static_dark,right,drift,1,2095
C_gyro_W30+accel0,est,0.25,0.016781444640638667,0.023844525620596156,1.560132316646824,1.6750918083167743,147,static_dark,right,drift,1,2095
C_gyro_W30+accel0,true,0.25,0.00546860942935958,0.012853616046567111,0.09448568710432416,0.19500435765481794,147,static_dark,right,drift,1,2095
C_gyro_W30+accel0,zero,0.5,0.1392203656969089,0.15552458286339202,5.872617459109463,6.5066926576488555,147,static_dark,right,drift,1,2095
C_gyro_W30+accel0,est,0.5,0.029519348650362348,0.0432725161107137,5.773512429960801,6.44567968318389,147,static_dark,right,drift,1,2095
C_gyro_W30+accel0,true,0.5,0.008385779093723735,0.01886848751824067,0.28975291539512565,0.5333906773374869,147,static_dark,right,drift,1,2095
C_gyro_W30+accel0,zero,1.0,0.2369845129361409,0.2789096729955452,21.586026482972468,25.314516606997294,147,static_dark,right,drift,1,2095
C_gyro_W30+accel0,est,1.0,0.045729460766794655,0.0746713179549539,19.97366337430577,23.7659075372878,147,static_dark,right,drift,1,2095
C_gyro_W30+accel0,true,1.0,0.011524711126071712,0.02952422998613515,0.9161111610304138,1.6584925248242983,147,static_dark,right,drift,1,2095
B_q1e-05,zero,0.022,0.0068756709147415745,0.008959430568264077,0.0120523146802621,0.014472627265790995,147,static_dark,right,drift,1,2095
B_q1e-05,est,0.022,0.0024577522883649917,0.004223143322765611,0.0030422829043999337,0.005276208056812085,147,static_dark,right,drift,1,2095
B_q1e-05,true,0.022,0.0015868677058297352,0.002932169418501559,0.0025731332650002384,0.005079680555844059,147,static_dark,right,drift,1,2095
B_q1e-05,zero,0.044,0.01399980195352572,0.017397250667715105,0.048725978888571664,0.05616510385829171,147,static_dark,right,drift,1,2095
B_q1e-05,est,0.044,0.004779035923975519,0.00797898020660642,0.010000716895354254,0.016489378243088895,147,static_dark,right,drift,1,2095
B_q1e-05,true,0.044,0.0025236448290636483,0.005290716872901942,0.0076409633432888,0.01614603731376833,147,static_dark,right,drift,1,2095
B_q1e-05,zero,0.088,0.027447555605709485,0.032266247736454035,0.19544926206625332,0.21850576697520127,147,static_dark,right,drift,1,2095
B_q1e-05,est,0.088,0.008932662031223412,0.013748553939951322,0.03434793779302187,0.05561361420233971,147,static_dark,right,drift,1,2095
B_q1e-05,true,0.088,0.0036893384218631823,0.008894414966854839,0.02164062788174039,0.04706734122125865,147,static_dark,right,drift,1,2095
B_q1e-05,zero,0.25,0.07637478090481553,0.08290850742302457,1.5634156417041656,1.6757878272161577,147,static_dark,right,drift,1,2095
B_q1e-05,est,0.25,0.02416981414581252,0.029294338391212725,0.2262639877360208,0.34978120873843127,147,static_dark,right,drift,1,2095
B_q1e-05,true,0.25,0.00546860942935958,0.012853616046567111,0.09448568710432416,0.19500435765481794,147,static_dark,right,drift,1,2095
B_q1e-05,zero,0.5,0.1392203656969089,0.15552458286339202,5.872617459109463,6.5066926576488555,147,static_dark,right,drift,1,2095
B_q1e-05,est,0.5,0.0430437280391543,0.05140149285263936,0.8254734260739913,1.3391036121534992,147,static_dark,right,drift,1,2095
B_q1e-05,true,0.5,0.008385779093723735,0.01886848751824067,0.28975291539512565,0.5333906773374869,147,static_dark,right,drift,1,2095
B_q1e-05,zero,1.0,0.2369845129361409,0.2789096729955452,21.586026482972468,25.314516606997294,147,static_dark,right,drift,1,2095
B_q1e-05,est,1.0,0.0729193936992928,0.09050325098351071,3.2313947167708914,5.676333190209336,147,static_dark,right,drift,1,2095
B_q1e-05,true,1.0,0.011524711126071712,0.02952422998613515,0.9161111610304138,1.6584925248242983,147,static_dark,right,drift,1,2095
A_dtw30+accel0,zero,0.022,0.006900548661552479,0.008874051460223542,0.014313474072256624,0.016744855008816138,147,static_dark,right,drift,2,2095
A_dtw30+accel0,est,0.022,0.004147423259986148,0.006164798984146859,0.01430951183742735,0.016752604882268374,147,static_dark,right,drift,2,2095
A_dtw30+accel0,true,0.022,0.0014922331166472766,0.003282430374490935,0.002615017911037714,0.004524044027476391,147,static_dark,right,drift,2,2095
A_dtw30+accel0,zero,0.044,0.013786194655614186,0.01731489513987406,0.057382251346432066,0.06507204753592308,147,static_dark,right,drift,2,2095
A_dtw30+accel0,est,0.044,0.00814109364808095,0.011832095881923858,0.05753501884926629,0.06522614446150411,147,static_dark,right,drift,2,2095
A_dtw30+accel0,true,0.044,0.002526009173613495,0.0052548938826089235,0.0075336800160118855,0.015044767514843963,147,static_dark,right,drift,2,2095
A_dtw30+accel0,zero,0.088,0.027127075389092044,0.032194037699762035,0.22787238131563156,0.24965196916505267,147,static_dark,right,drift,2,2095
A_dtw30+accel0,est,0.088,0.016307854602846634,0.02196411976784682,0.22884933907512395,0.2516984420977865,147,static_dark,right,drift,2,2095
A_dtw30+accel0,true,0.088,0.0038568064727912232,0.008545397730632228,0.022233571230443845,0.04279805999970848,147,static_dark,right,drift,2,2095
A_dtw30+accel0,zero,0.25,0.07627840049507481,0.08234953910863506,1.8052348789937585,1.899126896204974,147,static_dark,right,drift,2,2095
A_dtw30+accel0,est,0.25,0.04587576812787737,0.060569838756791054,1.8211981737545133,1.9278727054271494,147,static_dark,right,drift,2,2095
A_dtw30+accel0,true,0.25,0.005683061749596656,0.013020943995893952,0.0969078779137038,0.18297386582597888,147,static_dark,right,drift,2,2095
A_dtw30+accel0,zero,0.5,0.13962974093079628,0.15402715747769635,6.90433696432617,7.463701917462601,147,static_dark,right,drift,2,2095
A_dtw30+accel0,est,0.5,0.08290291534646684,0.11426238359615928,6.991658248126931,7.60497761301419,147,static_dark,right,drift,2,2095
A_dtw30+accel0,true,0.5,0.008011458692573395,0.01749287915638117,0.29105897161844807,0.5174191476770298,147,static_dark,right,drift,2,2095
A_dtw30+accel0,zero,1.0,0.23508440167293523,0.276523180099406,24.55492215266437,28.89653731646254,147,static_dark,right,drift,2,2095
A_dtw30+accel0,est,1.0,0.12895070061099495,0.2023594983218821,25.207222632724076,29.570112639378202,147,static_dark,right,drift,2,2095
A_dtw30+accel0,true,1.0,0.011710769275330083,0.026854888185710746,0.9121130377937148,1.5586093359786297,147,static_dark,right,drift,2,2095
C_gyro_W30+accel0,zero,0.022,0.006900548661552479,0.008874051460223542,0.014313474072256624,0.016744855008816138,147,static_dark,right,drift,2,2095
C_gyro_W30+accel0,est,0.022,0.0020231837073582137,0.003728571863858942,0.014316925445808974,0.016748690903336822,147,static_dark,right,drift,2,2095
C_gyro_W30+accel0,true,0.022,0.0014922331166472766,0.003282430374490935,0.002615017911037714,0.004524044027476391,147,static_dark,right,drift,2,2095
C_gyro_W30+accel0,zero,0.044,0.013786194655614186,0.01731489513987406,0.057382251346432066,0.06507204753592308,147,static_dark,right,drift,2,2095
C_gyro_W30+accel0,est,0.044,0.0037182244612894984,0.006336113749131562,0.05741013673550424,0.06515672671556487,147,static_dark,right,drift,2,2095
C_gyro_W30+accel0,true,0.044,0.002526009173613495,0.0052548938826089235,0.0075336800160118855,0.015044767514843963,147,static_dark,right,drift,2,2095
C_gyro_W30+accel0,zero,0.088,0.027127075389092044,0.032194037699762035,0.22787238131563156,0.24965196916505267,147,static_dark,right,drift,2,2095
C_gyro_W30+accel0,est,0.088,0.006488818577958516,0.01129572822821402,0.2287962173031013,0.2506396290471204,147,static_dark,right,drift,2,2095
C_gyro_W30+accel0,true,0.088,0.0038568064727912232,0.008545397730632228,0.022233571230443845,0.04279805999970848,147,static_dark,right,drift,2,2095
C_gyro_W30+accel0,zero,0.25,0.07627840049507481,0.08234953910863506,1.8052348789937585,1.899126896204974,147,static_dark,right,drift,2,2095
C_gyro_W30+accel0,est,0.25,0.01657090175138058,0.025232804738339037,1.8136177932047415,1.9169280684316063,147,static_dark,right,drift,2,2095
C_gyro_W30+accel0,true,0.25,0.005683061749596656,0.013020943995893952,0.0969078779137038,0.18297386582597888,147,static_dark,right,drift,2,2095
C_gyro_W30+accel0,zero,0.5,0.13962974093079628,0.15402715747769635,6.90433696432617,7.463701917462601,147,static_dark,right,drift,2,2095
C_gyro_W30+accel0,est,0.5,0.030457919567957854,0.0426166842905405,6.98403134373456,7.457271490138489,147,static_dark,right,drift,2,2095
C_gyro_W30+accel0,true,0.5,0.008011458692573395,0.01749287915638117,0.29105897161844807,0.5174191476770298,147,static_dark,right,drift,2,2095
C_gyro_W30+accel0,zero,1.0,0.23508440167293523,0.276523180099406,24.55492215266437,28.89653731646254,147,static_dark,right,drift,2,2095
C_gyro_W30+accel0,est,1.0,0.045440211479031774,0.07714467671024013,24.217091022424974,28.418517874419216,147,static_dark,right,drift,2,2095
C_gyro_W30+accel0,true,1.0,0.011710769275330083,0.026854888185710746,0.9121130377937148,1.5586093359786297,147,static_dark,right,drift,2,2095
B_q1e-05,zero,0.022,0.006900548661552479,0.008874051460223542,0.014313474072256624,0.016744855008816138,147,static_dark,right,drift,2,2095
B_q1e-05,est,0.022,0.002448546862341111,0.004357355592852185,0.0031428804108012414,0.0049744827995110924,147,static_dark,right,drift,2,2095
B_q1e-05,true,0.022,0.0014922331166472766,0.003282430374490935,0.002615017911037714,0.004524044027476391,147,static_dark,right,drift,2,2095
B_q1e-05,zero,0.044,0.013786194655614186,0.01731489513987406,0.057382251346432066,0.06507204753592308,147,static_dark,right,drift,2,2095
B_q1e-05,est,0.044,0.004898125739320919,0.0076712937919353056,0.010879696854398317,0.01716417775215069,147,static_dark,right,drift,2,2095
B_q1e-05,true,0.044,0.002526009173613495,0.0052548938826089235,0.0075336800160118855,0.015044767514843963,147,static_dark,right,drift,2,2095
B_q1e-05,zero,0.088,0.027127075389092044,0.032194037699762035,0.22787238131563156,0.24965196916505267,147,static_dark,right,drift,2,2095
B_q1e-05,est,0.088,0.00888853726378817,0.013019394235815185,0.035225050387235654,0.06072815499792147,147,static_dark,right,drift,2,2095
B_q1e-05,true,0.088,0.0038568064727912232,0.008545397730632228,0.022233571230443845,0.04279805999970848,147,static_dark,right,drift,2,2095
B_q1e-05,zero,0.25,0.07627840049507481,0.08234953910863506,1.8052348789937585,1.899126896204974,147,static_dark,right,drift,2,2095
B_q1e-05,est,0.25,0.024491555678333197,0.02982139388398143,0.24022917910491243,0.3554585986581407,147,static_dark,right,drift,2,2095
B_q1e-05,true,0.25,0.005683061749596656,0.013020943995893952,0.0969078779137038,0.18297386582597888,147,static_dark,right,drift,2,2095
B_q1e-05,zero,0.5,0.13962974093079628,0.15402715747769635,6.90433696432617,7.463701917462601,147,static_dark,right,drift,2,2095
B_q1e-05,est,0.5,0.043394538421008,0.051548867445595975,0.8273269470312435,1.276714372848913,147,static_dark,right,drift,2,2095
B_q1e-05,true,0.5,0.008011458692573395,0.01749287915638117,0.29105897161844807,0.5174191476770298,147,static_dark,right,drift,2,2095
B_q1e-05,zero,1.0,0.23508440167293523,0.276523180099406,24.55492215266437,28.89653731646254,147,static_dark,right,drift,2,2095
B_q1e-05,est,1.0,0.07167076665237596,0.09407607959311606,2.8708589513703258,4.671514418886833,147,static_dark,right,drift,2,2095
B_q1e-05,true,1.0,0.011710769275330083,0.026854888185710746,0.9121130377937148,1.5586093359786297,147,static_dark,right,drift,2,2095
A_dtw30+accel0,zero,0.022,0.001598962162361118,0.0032356515747446477,0.005475524872466022,0.00858564196643214,147,static_dark,left,factory,0,533
A_dtw30+accel0,est,0.022,0.0042618348391593236,0.006192138840128177,0.005469717462210294,0.008612461808548666,147,static_dark,left,factory,0,533
A_dtw30+accel0,true,0.022,0.001573854139823559,0.003183940469539504,0.002566656562991059,0.004893346233048888,147,static_dark,left,factory,0,533
A_dtw30+accel0,zero,0.044,0.0025079383000632697,0.005440973829995327,0.020524379021253564,0.030969134553311062,147,static_dark,left,factory,0,533
A_dtw30+accel0,est,0.044,0.008187629881065568,0.011817045645380823,0.02075686484347492,0.03109775519952619,147,static_dark,left,factory,0,533
A_dtw30+accel0,true,0.044,0.002593105775825197,0.005320834122318315,0.008015591346400728,0.014215195414500973,147,static_dark,left,factory,0,533
A_dtw30+accel0,zero,0.088,0.0038311587654460003,0.008569070807030479,0.08435561813627841,0.12130543011239933,147,static_dark,left,factory,0,533
A_dtw30+accel0,est,0.088,0.01579723073962702,0.022983044579289045,0.08464601752062767,0.12149480699491995,147,static_dark,left,factory,0,533
A_dtw30+accel0,true,0.088,0.0037853313155122113,0.008931608033133004,0.021363325367717612,0.04222532692688661,147,static_dark,left,factory,0,533
A_dtw30+accel0,zero,0.25,0.005704971491978932,0.01203419285515806,0.6474531037172938,0.9016064241485223,147,static_dark,left,factory,0,533
A_dtw30+accel0,est,0.25,0.04140821211233866,0.06111338422900026,0.6727790739653691,0.9359001812786378,147,static_dark,left,factory,0,533
A_dtw30+accel0,true,0.25,0.005299824582829233,0.012627370850227169,0.0695603510494392,0.1266206024277695,147,static_dark,left,factory,0,533
A_dtw30+accel0,zero,0.5,0.008448902828598158,0.015936964842973945,2.5661887783332236,3.3898661802562415,147,static_dark,left,factory,0,533
A_dtw30+accel0,est,0.5,0.07482702249064642,0.11085390416654392,2.7132983796887182,3.7098082462187656,147,static_dark,left,factory,0,533
A_dtw30+accel0,true,0.5,0.0069569768704534855,0.01583013338582152,0.19526891929432363,0.3389721433033358,147,static_dark,left,factory,0,533
A_dtw30+accel0,zero,1.0,0.01394681363562882,0.02197225467679478,8.70394058518479,12.73675541338618,147,static_dark,left,factory,0,533
A_dtw30+accel0,est,1.0,0.132801972598454,0.19172173293968098,10.53691508261496,15.359509660471279,147,static_dark,left,factory,0,533
A_dtw30+accel0,true,1.0,0.011177427762753857,0.022284298167500962,0.6736404178927867,1.1293628834780214,147,static_dark,left,factory,0,533
C_gyro_W30+accel0,zero,0.022,0.001598962162361118,0.0032356515747446477,0.005475524872466022,0.00858564196643214,147,static_dark,left,factory,0,533
C_gyro_W30+accel0,est,0.022,0.001598962162361118,0.0032356515747446477,0.005475524872466022,0.00858564196643214,147,static_dark,left,factory,0,533
C_gyro_W30+accel0,true,0.022,0.001573854139823559,0.003183940469539504,0.002566656562991059,0.004893346233048888,147,static_dark,left,factory,0,533
C_gyro_W30+accel0,zero,0.044,0.0025079383000632697,0.005440973829995327,0.020524379021253564,0.030969134553311062,147,static_dark,left,factory,0,533
C_gyro_W30+accel0,est,0.044,0.0025079383000632697,0.005440973829995327,0.020524379021253564,0.030969134553311062,147,static_dark,left,factory,0,533
C_gyro_W30+accel0,true,0.044,0.002593105775825197,0.005320834122318315,0.008015591346400728,0.014215195414500973,147,static_dark,left,factory,0,533
C_gyro_W30+accel0,zero,0.088,0.0038311587654460003,0.008569070807030479,0.08435561813627841,0.12130543011239933,147,static_dark,left,factory,0,533
C_gyro_W30+accel0,est,0.088,0.0038311587654460003,0.008569070807030479,0.08435561813627841,0.12130543011239933,147,static_dark,left,factory,0,533
C_gyro_W30+accel0,true,0.088,0.0037853313155122113,0.008931608033133004,0.021363325367717612,0.04222532692688661,147,static_dark,left,factory,0,533
C_gyro_W30+accel0,zero,0.25,0.005704971491978932,0.01203419285515806,0.6474531037172938,0.9016064241485223,147,static_dark,left,factory,0,533
C_gyro_W30+accel0,est,0.25,0.005704971491978932,0.01203419285515806,0.6474531037172938,0.9016064241485223,147,static_dark,left,factory,0,533
C_gyro_W30+accel0,true,0.25,0.005299824582829233,0.012627370850227169,0.0695603510494392,0.1266206024277695,147,static_dark,left,factory,0,533
C_gyro_W30+accel0,zero,0.5,0.008448902828598158,0.015936964842973945,2.5661887783332236,3.3898661802562415,147,static_dark,left,factory,0,533
C_gyro_W30+accel0,est,0.5,0.008448902828598158,0.015936964842973945,2.5661887783332236,3.3898661802562415,147,static_dark,left,factory,0,533
C_gyro_W30+accel0,true,0.5,0.0069569768704534855,0.01583013338582152,0.19526891929432363,0.3389721433033358,147,static_dark,left,factory,0,533
C_gyro_W30+accel0,zero,1.0,0.01394681363562882,0.02197225467679478,8.70394058518479,12.73675541338618,147,static_dark,left,factory,0,533
C_gyro_W30+accel0,est,1.0,0.01394681363562882,0.02197225467679478,8.70394058518479,12.73675541338618,147,static_dark,left,factory,0,533
C_gyro_W30+accel0,true,1.0,0.011177427762753857,0.022284298167500962,0.6736404178927867,1.1293628834780214,147,static_dark,left,factory,0,533
B_q1e-05,zero,0.022,0.001598962162361118,0.0032356515747446477,0.005475524872466022,0.00858564196643214,147,static_dark,left,factory,0,533
B_q1e-05,est,0.022,0.0015700329462217074,0.003202489879645856,0.0032249172960719273,0.005920896505366358,147,static_dark,left,factory,0,533
B_q1e-05,true,0.022,0.001573854139823559,0.003183940469539504,0.002566656562991059,0.004893346233048888,147,static_dark,left,factory,0,533
B_q1e-05,zero,0.044,0.0025079383000632697,0.005440973829995327,0.020524379021253564,0.030969134553311062,147,static_dark,left,factory,0,533
B_q1e-05,est,0.044,0.0025868119073936646,0.005419177650433974,0.010718989905211793,0.019453849190891697,147,static_dark,left,factory,0,533
B_q1e-05,true,0.044,0.002593105775825197,0.005320834122318315,0.008015591346400728,0.014215195414500973,147,static_dark,left,factory,0,533
B_q1e-05,zero,0.088,0.0038311587654460003,0.008569070807030479,0.08435561813627841,0.12130543011239933,147,static_dark,left,factory,0,533
B_q1e-05,est,0.088,0.003913685181369312,0.00910635210112904,0.03789998381572736,0.06360847655159246,147,static_dark,left,factory,0,533
B_q1e-05,true,0.088,0.0037853313155122113,0.008931608033133004,0.021363325367717612,0.04222532692688661,147,static_dark,left,factory,0,533
B_q1e-05,zero,0.25,0.005704971491978932,0.01203419285515806,0.6474531037172938,0.9016064241485223,147,static_dark,left,factory,0,533
B_q1e-05,est,0.25,0.005853488794548727,0.012480960535222968,0.22729186350419606,0.4504086659707637,147,static_dark,left,factory,0,533
B_q1e-05,true,0.25,0.005299824582829233,0.012627370850227169,0.0695603510494392,0.1266206024277695,147,static_dark,left,factory,0,533
B_q1e-05,zero,0.5,0.008448902828598158,0.015936964842973945,2.5661887783332236,3.3898661802562415,147,static_dark,left,factory,0,533
B_q1e-05,est,0.5,0.007150409079031366,0.01599206088659986,0.8379488173354831,1.6644905740254292,147,static_dark,left,factory,0,533
B_q1e-05,true,0.5,0.0069569768704534855,0.01583013338582152,0.19526891929432363,0.3389721433033358,147,static_dark,left,factory,0,533
B_q1e-05,zero,1.0,0.01394681363562882,0.02197225467679478,8.70394058518479,12.73675541338618,147,static_dark,left,factory,0,533
B_q1e-05,est,1.0,0.011439277903946513,0.02166830812742507,2.7738367218269238,6.4196766771515135,147,static_dark,left,factory,0,533
B_q1e-05,true,1.0,0.011177427762753857,0.022284298167500962,0.6736404178927867,1.1293628834780214,147,static_dark,left,factory,0,533
A_dtw30+accel0,zero,0.022,0.0015855799551704702,0.002989807775478789,0.004104758178581238,0.006203344331752092,147,static_dark,left,factory,1,533
A_dtw30+accel0,est,0.022,0.005332042613585977,0.00751107747078744,0.0041181411261038674,0.006204876773389714,147,static_dark,left,factory,1,533
A_dtw30+accel0,true,0.022,0.0016049103583046197,0.003115057336188951,0.0027325261142074485,0.004766707091944115,147,static_dark,left,factory,1,533
A_dtw30+accel0,zero,0.044,0.0027512228039129755,0.005518216264019706,0.014321657522978783,0.022242793262052248,147,static_dark,left,factory,1,533
A_dtw30+accel0,est,0.044,0.010698450387201242,0.01526083718888216,0.014898076285456818,0.022478608411057536,147,static_dark,left,factory,1,533
A_dtw30+accel0,true,0.044,0.0026532152884260448,0.005321536195224373,0.007853390159906704,0.015732558939159966,147,static_dark,left,factory,1,533
A_dtw30+accel0,zero,0.088,0.0037871331781519084,0.00856120177346037,0.05126494275682758,0.0785656541175979,147,static_dark,left,factory,1,533
A_dtw30+accel0,est,0.088,0.020728048481771982,0.029228476621340368,0.052153478719931444,0.08209595660295077,147,static_dark,left,factory,1,533
A_dtw30+accel0,true,0.088,0.003965002999815715,0.008389092708100652,0.02160015022948056,0.04228681168692716,147,static_dark,left,factory,1,533
A_dtw30+accel0,zero,0.25,0.005900687644647756,0.012010443583514472,0.3895435254851219,0.5072801955993689,147,static_dark,left,factory,1,533
A_dtw30+accel0,est,0.25,0.05639221757003602,0.07454884833050217,0.40965710617936185,0.5824822617510003,147,static_dark,left,factory,1,533
A_dtw30+accel0,true,0.25,0.005224291561382324,0.01197519461774241,0.0737018291119416,0.1364038982489484,147,static_dark,left,factory,1,533
A_dtw30+accel0,zero,0.5,0.008692908188168707,0.016472553704981664,1.5081312084636131,1.9065463722224203,147,static_dark,left,factory,1,533
A_dtw30+accel0,est,0.5,0.10946626983544853,0.1395595044563531,1.765664191040461,2.397412909540279,147,static_dark,left,factory,1,533
A_dtw30+accel0,true,0.5,0.007008147756972307,0.01612615085431275,0.19901307753194816,0.3407200477681992,147,static_dark,left,factory,1,533
A_dtw30+accel0,zero,1.0,0.014544536074894324,0.025342700152567347,5.095996135146115,7.111877191650972,147,static_dark,left,factory,1,533
A_dtw30+accel0,est,1.0,0.1829338853580384,0.2443680049721437,7.5302130932216516,11.471691621851404,147,static_dark,left,factory,1,533
A_dtw30+accel0,true,1.0,0.010392279660639844,0.02367282552642702,0.6944226608551693,1.167123562597123,147,static_dark,left,factory,1,533
C_gyro_W30+accel0,zero,0.022,0.0015855799551704702,0.002989807775478789,0.004104758178581238,0.006203344331752092,147,static_dark,left,factory,1,533
C_gyro_W30+accel0,est,0.022,0.0015855799551704702,0.002989807775478789,0.004104758178581238,0.006203344331752092,147,static_dark,left,factory,1,533
C_gyro_W30+accel0,true,0.022,0.0016049103583046197,0.003115057336188951,0.0027325261142074485,0.004766707091944115,147,static_dark,left,factory,1,533
C_gyro_W30+accel0,zero,0.044,0.0027512228039129755,0.005518216264019706,0.014321657522978783,0.022242793262052248,147,static_dark,left,factory,1,533
C_gyro_W30+accel0,est,0.044,0.0027512228039129755,0.005518216264019706,0.014321657522978783,0.022242793262052248,147,static_dark,left,factory,1,533
C_gyro_W30+accel0,true,0.044,0.0026532152884260448,0.005321536195224373,0.007853390159906704,0.015732558939159966,147,static_dark,left,factory,1,533
C_gyro_W30+accel0,zero,0.088,0.0037871331781519084,0.00856120177346037,0.05126494275682758,0.0785656541175979,147,static_dark,left,factory,1,533
C_gyro_W30+accel0,est,0.088,0.0037871331781519084,0.00856120177346037,0.05126494275682758,0.0785656541175979,147,static_dark,left,factory,1,533
C_gyro_W30+accel0,true,0.088,0.003965002999815715,0.008389092708100652,0.02160015022948056,0.04228681168692716,147,static_dark,left,factory,1,533
C_gyro_W30+accel0,zero,0.25,0.005900687644647756,0.012010443583514472,0.3895435254851219,0.5072801955993689,147,static_dark,left,factory,1,533
C_gyro_W30+accel0,est,0.25,0.005900687644647756,0.012010443583514472,0.3895435254851219,0.5072801955993689,147,static_dark,left,factory,1,533
C_gyro_W30+accel0,true,0.25,0.005224291561382324,0.01197519461774241,0.0737018291119416,0.1364038982489484,147,static_dark,left,factory,1,533
C_gyro_W30+accel0,zero,0.5,0.008692908188168707,0.016472553704981664,1.5081312084636131,1.9065463722224203,147,static_dark,left,factory,1,533
C_gyro_W30+accel0,est,0.5,0.008692908188168707,0.016472553704981664,1.5081312084636131,1.9065463722224203,147,static_dark,left,factory,1,533
C_gyro_W30+accel0,true,0.5,0.007008147756972307,0.01612615085431275,0.19901307753194816,0.3407200477681992,147,static_dark,left,factory,1,533
C_gyro_W30+accel0,zero,1.0,0.014544536074894324,0.025342700152567347,5.095996135146115,7.111877191650972,147,static_dark,left,factory,1,533
C_gyro_W30+accel0,est,1.0,0.014544536074894324,0.025342700152567347,5.095996135146115,7.111877191650972,147,static_dark,left,factory,1,533
C_gyro_W30+accel0,true,1.0,0.010392279660639844,0.02367282552642702,0.6944226608551693,1.167123562597123,147,static_dark,left,factory,1,533
B_q1e-05,zero,0.022,0.0015855799551704702,0.002989807775478789,0.004104758178581238,0.006203344331752092,147,static_dark,left,factory,1,533
B_q1e-05,est,0.022,0.0015855799551704702,0.002989807775478789,0.004104758178581238,0.006203344331752092,147,static_dark,left,factory,1,533
B_q1e-05,true,0.022,0.0016049103583046197,0.003115057336188951,0.0027325261142074485,0.004766707091944115,147,static_dark,left,factory,1,533
B_q1e-05,zero,0.044,0.0027512228039129755,0.005518216264019706,0.014321657522978783,0.022242793262052248,147,static_dark,left,factory,1,533
B_q1e-05,est,0.044,0.0027512228039129755,0.005518216264019706,0.014321657522978783,0.022242793262052248,147,static_dark,left,factory,1,533
B_q1e-05,true,0.044,0.0026532152884260448,0.005321536195224373,0.007853390159906704,0.015732558939159966,147,static_dark,left,factory,1,533
B_q1e-05,zero,0.088,0.0037871331781519084,0.00856120177346037,0.05126494275682758,0.0785656541175979,147,static_dark,left,factory,1,533
B_q1e-05,est,0.088,0.0037871331781519084,0.00856120177346037,0.05126494275682758,0.0785656541175979,147,static_dark,left,factory,1,533
B_q1e-05,true,0.088,0.003965002999815715,0.008389092708100652,0.02160015022948056,0.04228681168692716,147,static_dark,left,factory,1,533
B_q1e-05,zero,0.25,0.005900687644647756,0.012010443583514472,0.3895435254851219,0.5072801955993689,147,static_dark,left,factory,1,533
B_q1e-05,est,0.25,0.005900687644647756,0.012010443583514472,0.3895435254851219,0.5072801955993689,147,static_dark,left,factory,1,533
B_q1e-05,true,0.25,0.005224291561382324,0.01197519461774241,0.0737018291119416,0.1364038982489484,147,static_dark,left,factory,1,533
B_q1e-05,zero,0.5,0.008692908188168707,0.016472553704981664,1.5081312084636131,1.9065463722224203,147,static_dark,left,factory,1,533
B_q1e-05,est,0.5,0.008692908188168707,0.016472553704981664,1.5081312084636131,1.9065463722224203,147,static_dark,left,factory,1,533
B_q1e-05,true,0.5,0.007008147756972307,0.01612615085431275,0.19901307753194816,0.3407200477681992,147,static_dark,left,factory,1,533
B_q1e-05,zero,1.0,0.014544536074894324,0.025342700152567347,5.095996135146115,7.111877191650972,147,static_dark,left,factory,1,533
B_q1e-05,est,1.0,0.014544536074894324,0.025342700152567347,5.095996135146115,7.111877191650972,147,static_dark,left,factory,1,533
B_q1e-05,true,1.0,0.010392279660639844,0.02367282552642702,0.6944226608551693,1.167123562597123,147,static_dark,left,factory,1,533
A_dtw30+accel0,zero,0.022,0.024676591679695294,0.025885257444262066,0.06463719535094878,0.06791413763388543,147,static_dark,left,large,0,533
A_dtw30+accel0,est,0.022,0.004252984118652314,0.00618434298231342,0.06472463583603431,0.06793458682045715,147,static_dark,left,large,0,533
A_dtw30+accel0,true,0.022,0.001573854139823559,0.003183940469539255,0.003065239736439934,0.00610995402655644,147,static_dark,left,large,0,533
A_dtw30+accel0,zero,0.044,0.049276765176764034,0.05141190326482382,0.2571583384214334,0.27036305082028345,147,static_dark,left,large,0,533
A_dtw30+accel0,est,0.044,0.00818852050550612,0.011826471807199788,0.25716377089307824,0.2707714500833554,147,static_dark,left,large,0,533
A_dtw30+accel0,true,0.044,0.002593105775825197,0.005320834122318315,0.009650711312040405,0.018587067425702698,147,static_dark,left,large,0,533
A_dtw30+accel0,zero,0.088,0.0981854007337266,0.10123152680609418,1.0269603210604001,1.0763219501847605,147,static_dark,left,large,0,533
A_dtw30+accel0,est,0.088,0.01581411800169537,0.022989303364850694,1.0270954404386072,1.0777290992622872,147,static_dark,left,large,0,533
A_dtw30+accel0,true,0.088,0.0037853313155122113,0.008931608033132588,0.03194486762466224,0.059657671877456346,147,static_dark,left,large,0,533
A_dtw30+accel0,zero,0.25,0.27379350060793056,0.27926140873564936,8.180976287830545,8.462123574634203,147,static_dark,left,large,0,533
A_dtw30+accel0,est,0.25,0.04140846615395888,0.06136478355107594,8.18550620332865,8.47136912829191,147,static_dark,left,large,0,533
A_dtw30+accel0,true,0.25,0.005299824582829233,0.012627370850224827,0.17995590893098087,0.3614965635859856,147,static_dark,left,large,0,533
A_dtw30+accel0,zero,0.5,0.5229754561438624,0.5513237780447087,31.211658206638905,33.44535892259303,147,static_dark,left,large,0,533
A_dtw30+accel0,est,0.5,0.07486120898727076,0.11155148137162124,31.720844225329213,33.11773445375341,147,static_dark,left,large,0,533
A_dtw30+accel0,true,0.5,0.006956976870450634,0.015830133385824095,0.551905326918434,1.2014988605542005,147,static_dark,left,large,0,533
A_dtw30+accel0,zero,1.0,0.873212572968026,1.0544910230576254,112.86256561341774,128.45752185431692,147,static_dark,left,large,0,533
A_dtw30+accel0,est,1.0,0.1332339857353375,0.1933207732983288,115.56600921482509,127.57486436868149,147,static_dark,left,large,0,533
A_dtw30+accel0,true,1.0,0.011177427762755375,0.022284298167513768,1.652983565107923,3.3107572462782073,147,static_dark,left,large,0,533
C_gyro_W30+accel0,zero,0.022,0.024676591679695294,0.025885257444262066,0.06463719535094878,0.06791413763388543,147,static_dark,left,large,0,533
C_gyro_W30+accel0,est,0.022,0.024676591679695294,0.025885257444262066,0.06463719535094878,0.06791413763388543,147,static_dark,left,large,0,533
C_gyro_W30+accel0,true,0.022,0.001573854139823559,0.003183940469539255,0.003065239736439934,0.00610995402655644,147,static_dark,left,large,0,533
C_gyro_W30+accel0,zero,0.044,0.049276765176764034,0.05141190326482382,0.2571583384214334,0.27036305082028345,147,static_dark,left,large,0,533
C_gyro_W30+accel0,est,0.044,0.049276765176764034,0.05141190326482382,0.2571583384214334,0.27036305082028345,147,static_dark,left,large,0,533
C_gyro_W30+accel0,true,0.044,0.002593105775825197,0.005320834122318315,0.009650711312040405,0.018587067425702698,147,static_dark,left,large,0,533
C_gyro_W30+accel0,zero,0.088,0.0981854007337266,0.10123152680609418,1.0269603210604001,1.0763219501847605,147,static_dark,left,large,0,533
C_gyro_W30+accel0,est,0.088,0.0981854007337266,0.10123152680609418,1.0269603210604001,1.0763219501847605,147,static_dark,left,large,0,533
C_gyro_W30+accel0,true,0.088,0.0037853313155122113,0.008931608033132588,0.03194486762466224,0.059657671877456346,147,static_dark,left,large,0,533
C_gyro_W30+accel0,zero,0.25,0.27379350060793056,0.27926140873564936,8.180976287830545,8.462123574634203,147,static_dark,left,large,0,533
C_gyro_W30+accel0,est,0.25,0.27379350060793056,0.27926140873564936,8.180976287830545,8.462123574634203,147,static_dark,left,large,0,533
C_gyro_W30+accel0,true,0.25,0.005299824582829233,0.012627370850224827,0.17995590893098087,0.3614965635859856,147,static_dark,left,large,0,533
C_gyro_W30+accel0,zero,0.5,0.5229754561438624,0.5513237780447087,31.211658206638905,33.44535892259303,147,static_dark,left,large,0,533
C_gyro_W30+accel0,est,0.5,0.5229754561438624,0.5513237780447087,31.211658206638905,33.44535892259303,147,static_dark,left,large,0,533
C_gyro_W30+accel0,true,0.5,0.006956976870450634,0.015830133385824095,0.551905326918434,1.2014988605542005,147,static_dark,left,large,0,533
C_gyro_W30+accel0,zero,1.0,0.873212572968026,1.0544910230576254,112.86256561341774,128.45752185431692,147,static_dark,left,large,0,533
C_gyro_W30+accel0,est,1.0,0.873212572968026,1.0544910230576254,112.86256561341774,128.45752185431692,147,static_dark,left,large,0,533
C_gyro_W30+accel0,true,1.0,0.011177427762755375,0.022284298167513768,1.652983565107923,3.3107572462782073,147,static_dark,left,large,0,533
B_q1e-05,zero,0.022,0.024676591679695294,0.025885257444262066,0.06463719535094878,0.06791413763388543,147,static_dark,left,large,0,533
B_q1e-05,est,0.022,0.0015868553502554176,0.003197272795749918,0.0036189315542627227,0.006337547231516262,147,static_dark,left,large,0,533
B_q1e-05,true,0.022,0.001573854139823559,0.003183940469539255,0.003065239736439934,0.00610995402655644,147,static_dark,left,large,0,533
B_q1e-05,zero,0.044,0.049276765176764034,0.05141190326482382,0.2571583384214334,0.27036305082028345,147,static_dark,left,large,0,533
B_q1e-05,est,0.044,0.0026099063094511383,0.0053785875559726635,0.012508339097226923,0.02149846535241627,147,static_dark,left,large,0,533
B_q1e-05,true,0.044,0.002593105775825197,0.005320834122318315,0.009650711312040405,0.018587067425702698,147,static_dark,left,large,0,533
B_q1e-05,zero,0.088,0.0981854007337266,0.10123152680609418,1.0269603210604001,1.0763219501847605,147,static_dark,left,large,0,533
B_q1e-05,est,0.088,0.00395040070797636,0.009098341454425752,0.04177045490121585,0.08200600271107888,147,static_dark,left,large,0,533
B_q1e-05,true,0.088,0.0037853313155122113,0.008931608033132588,0.03194486762466224,0.059657671877456346,147,static_dark,left,large,0,533
B_q1e-05,zero,0.25,0.27379350060793056,0.27926140873564936,8.180976287830545,8.462123574634203,147,static_dark,left,large,0,533
B_q1e-05,est,0.25,0.005714833104380584,0.012542185616131785,0.2818374088180842,0.5409714577513463,147,static_dark,left,large,0,533
B_q1e-05,true,0.25,0.005299824582829233,0.012627370850224827,0.17995590893098087,0.3614965635859856,147,static_dark,left,large,0,533
B_q1e-05,zero,0.5,0.5229754561438624,0.5513237780447087,31.211658206638905,33.44535892259303,147,static_dark,left,large,0,533
B_q1e-05,est,0.5,0.007379416494382924,0.016196024759056533,0.9995736607344922,1.9215486821513215,147,static_dark,left,large,0,533
B_q1e-05,true,0.5,0.006956976870450634,0.015830133385824095,0.551905326918434,1.2014988605542005,147,static_dark,left,large,0,533
B_q1e-05,zero,1.0,0.873212572968026,1.0544910230576254,112.86256561341774,128.45752185431692,147,static_dark,left,large,0,533
B_q1e-05,est,1.0,0.011430271874893006,0.021429779878048894,3.4666834963671525,6.557990692427961,147,static_dark,left,large,0,533
B_q1e-05,true,1.0,0.011177427762755375,0.022284298167513768,1.652983565107923,3.3107572462782073,147,static_dark,left,large,0,533
A_dtw30+accel0,zero,0.022,0.024472982860400432,0.02571848436600906,0.0640677200226996,0.06695600752954298,147,static_dark,left,large,1,533
A_dtw30+accel0,est,0.022,0.00532679795290527,0.0074872189823511695,0.06409044083135249,0.06692111655404041,147,static_dark,left,large,1,533
A_dtw30+accel0,true,0.022,0.001604910358303953,0.00311505733618893,0.0031527747017702583,0.005486050480265643,147,static_dark,left,large,1,533
A_dtw30+accel0,zero,0.044,0.04890493042130819,0.051068468583257975,0.2557105443648435,0.2670946452515372,147,static_dark,left,large,1,533
A_dtw30+accel0,est,0.044,0.010646284172524128,0.015207397196657937,0.2556629948264238,0.2668113283778024,147,static_dark,left,large,1,533
A_dtw30+accel0,true,0.044,0.002653215288426308,0.0053215361952240366,0.010424885299115495,0.017997747225357942,147,static_dark,left,large,1,533
A_dtw30+accel0,zero,0.088,0.0975507603320055,0.10051824125451236,1.0204676084958706,1.0597624724956614,147,static_dark,left,large,1,533
A_dtw30+accel0,est,0.088,0.020592767971786365,0.02914955847973533,1.021508679443263,1.0572303384368118,147,static_dark,left,large,1,533
A_dtw30+accel0,true,0.088,0.003965002999816738,0.008389092708100942,0.03227049705094689,0.05977858694531846,147,static_dark,left,large,1,533
A_dtw30+accel0,zero,0.25,0.27142275953734524,0.2784014745809307,8.124935792275519,8.357243907501092,147,static_dark,left,large,1,533
A_dtw30+accel0,est,0.25,0.055761722323006274,0.0743357874657077,8.158199589602376,8.326823815454654,147,static_dark,left,large,1,533
A_dtw30+accel0,true,0.25,0.0052242915613821194,0.011975194617742926,0.16690703556678585,0.35400849941529944,147,static_dark,left,large,1,533
A_dtw30+accel0,zero,0.5,0.51618330326808,0.5483487919802548,31.22927882341472,33.13498927837638,147,static_dark,left,large,1,533
A_dtw30+accel0,est,0.5,0.10876997338355622,0.13902434193151803,31.67470755927085,32.92680915289843,147,static_dark,left,large,1,533
A_dtw30+accel0,true,0.5,0.007008147756972187,0.016126150854316477,0.5774020465760767,1.1263347667079087,147,static_dark,left,large,1,533
A_dtw30+accel0,zero,1.0,0.8672238244874302,1.0450221761039058,111.99873036430573,128.61566945086656,147,static_dark,left,large,1,533
A_dtw30+accel0,est,1.0,0.18234539713181996,0.2434151638402193,114.09154677559181,127.5526495835287,147,static_dark,left,large,1,533
A_dtw30+accel0,true,1.0,0.01039227966063899,0.023672825526433128,1.5726647261458937,3.1163322714256556,147,static_dark,left,large,1,533
C_gyro_W30+accel0,zero,0.022,0.024472982860400432,0.02571848436600906,0.0640677200226996,0.06695600752954298,147,static_dark,left,large,1,533
C_gyro_W30+accel0,est,0.022,0.024472982860400432,0.02571848436600906,0.0640677200226996,0.06695600752954298,147,static_dark,left,large,1,533
C_gyro_W30+accel0,true,0.022,0.001604910358303953,0.00311505733618893,0.0031527747017702583,0.005486050480265643,147,static_dark,left,large,1,533
C_gyro_W30+accel0,zero,0.044,0.04890493042130819,0.051068468583257975,0.2557105443648435,0.2670946452515372,147,static_dark,left,large,1,533
C_gyro_W30+accel0,est,0.044,0.04890493042130819,0.051068468583257975,0.2557105443648435,0.2670946452515372,147,static_dark,left,large,1,533
C_gyro_W30+accel0,true,0.044,0.002653215288426308,0.0053215361952240366,0.010424885299115495,0.017997747225357942,147,static_dark,left,large,1,533
C_gyro_W30+accel0,zero,0.088,0.0975507603320055,0.10051824125451236,1.0204676084958706,1.0597624724956614,147,static_dark,left,large,1,533
C_gyro_W30+accel0,est,0.088,0.0975507603320055,0.10051824125451236,1.0204676084958706,1.0597624724956614,147,static_dark,left,large,1,533
C_gyro_W30+accel0,true,0.088,0.003965002999816738,0.008389092708100942,0.03227049705094689,0.05977858694531846,147,static_dark,left,large,1,533
C_gyro_W30+accel0,zero,0.25,0.27142275953734524,0.2784014745809307,8.124935792275519,8.357243907501092,147,static_dark,left,large,1,533
C_gyro_W30+accel0,est,0.25,0.27142275953734524,0.2784014745809307,8.124935792275519,8.357243907501092,147,static_dark,left,large,1,533
C_gyro_W30+accel0,true,0.25,0.0052242915613821194,0.011975194617742926,0.16690703556678585,0.35400849941529944,147,static_dark,left,large,1,533
C_gyro_W30+accel0,zero,0.5,0.51618330326808,0.5483487919802548,31.22927882341472,33.13498927837638,147,static_dark,left,large,1,533
C_gyro_W30+accel0,est,0.5,0.51618330326808,0.5483487919802548,31.22927882341472,33.13498927837638,147,static_dark,left,large,1,533
C_gyro_W30+accel0,true,0.5,0.007008147756972187,0.016126150854316477,0.5774020465760767,1.1263347667079087,147,static_dark,left,large,1,533
C_gyro_W30+accel0,zero,1.0,0.8672238244874302,1.0450221761039058,111.99873036430573,128.61566945086656,147,static_dark,left,large,1,533
C_gyro_W30+accel0,est,1.0,0.8672238244874302,1.0450221761039058,111.99873036430573,128.61566945086656,147,static_dark,left,large,1,533
C_gyro_W30+accel0,true,1.0,0.01039227966063899,0.023672825526433128,1.5726647261458937,3.1163322714256556,147,static_dark,left,large,1,533
B_q1e-05,zero,0.022,0.024472982860400432,0.02571848436600906,0.0640677200226996,0.06695600752954298,147,static_dark,left,large,1,533
B_q1e-05,est,0.022,0.024472982860400432,0.02571848436600906,0.0640677200226996,0.06695600752954298,147,static_dark,left,large,1,533
B_q1e-05,true,0.022,0.001604910358303953,0.00311505733618893,0.0031527747017702583,0.005486050480265643,147,static_dark,left,large,1,533
B_q1e-05,zero,0.044,0.04890493042130819,0.051068468583257975,0.2557105443648435,0.2670946452515372,147,static_dark,left,large,1,533
B_q1e-05,est,0.044,0.04890493042130819,0.051068468583257975,0.2557105443648435,0.2670946452515372,147,static_dark,left,large,1,533
B_q1e-05,true,0.044,0.002653215288426308,0.0053215361952240366,0.010424885299115495,0.017997747225357942,147,static_dark,left,large,1,533
B_q1e-05,zero,0.088,0.0975507603320055,0.10051824125451236,1.0204676084958706,1.0597624724956614,147,static_dark,left,large,1,533
B_q1e-05,est,0.088,0.0975507603320055,0.10051824125451236,1.0204676084958706,1.0597624724956614,147,static_dark,left,large,1,533
B_q1e-05,true,0.088,0.003965002999816738,0.008389092708100942,0.03227049705094689,0.05977858694531846,147,static_dark,left,large,1,533
B_q1e-05,zero,0.25,0.27142275953734524,0.2784014745809307,8.124935792275519,8.357243907501092,147,static_dark,left,large,1,533
B_q1e-05,est,0.25,0.27142275953734524,0.2784014745809307,8.124935792275519,8.357243907501092,147,static_dark,left,large,1,533
B_q1e-05,true,0.25,0.0052242915613821194,0.011975194617742926,0.16690703556678585,0.35400849941529944,147,static_dark,left,large,1,533
B_q1e-05,zero,0.5,0.51618330326808,0.5483487919802548,31.22927882341472,33.13498927837638,147,static_dark,left,large,1,533
B_q1e-05,est,0.5,0.51618330326808,0.5483487919802548,31.22927882341472,33.13498927837638,147,static_dark,left,large,1,533
B_q1e-05,true,0.5,0.007008147756972187,0.016126150854316477,0.5774020465760767,1.1263347667079087,147,static_dark,left,large,1,533
B_q1e-05,zero,1.0,0.8672238244874302,1.0450221761039058,111.99873036430573,128.61566945086656,147,static_dark,left,large,1,533
B_q1e-05,est,1.0,0.8672238244874302,1.0450221761039058,111.99873036430573,128.61566945086656,147,static_dark,left,large,1,533
B_q1e-05,true,1.0,0.01039227966063899,0.023672825526433128,1.5726647261458937,3.1163322714256556,147,static_dark,left,large,1,533
A_dtw30+accel0,zero,0.022,0.004874091207745724,0.012388287703088696,0.01250937416117726,0.026409473162797986,148,walk_medium,right,factory,0,1564
A_dtw30+accel0,est,0.022,0.009458501421907017,0.01626882630163904,0.012565367422030706,0.02645111765818059,148,walk_medium,right,factory,0,1564
A_dtw30+accel0,true,0.022,0.004824449444546663,0.012355765747284001,0.010086394224906883,0.025973908109062856,148,walk_medium,right,factory,0,1564
A_dtw30+accel0,zero,0.044,0.008861406310977416,0.023152988013387107,0.035882835749188866,0.0776016506849442,148,walk_medium,right,factory,0,1564
A_dtw30+accel0,est,0.044,0.018748065540476443,0.032633668246043204,0.03607831192444963,0.07791701373373136,148,walk_medium,right,factory,0,1564
A_dtw30+accel0,true,0.044,0.00868092365713223,0.023359033844882502,0.027312356249036898,0.07089487212674309,148,walk_medium,right,factory,0,1564
A_dtw30+accel0,zero,0.088,0.013945999749477482,0.03624224829625467,0.11145207332691473,0.21613382576676915,148,walk_medium,right,factory,0,1564
A_dtw30+accel0,est,0.088,0.03672740425274162,0.060008383757049644,0.11305660241158488,0.21662560601183276,148,walk_medium,right,factory,0,1564
A_dtw30+accel0,true,0.088,0.013483018179013415,0.036378409910252756,0.0693342730905176,0.1792414893732535,148,walk_medium,right,factory,0,1564
A_dtw30+accel0,zero,0.25,0.025265028355750223,0.06929862062536914,0.614834467642705,1.0389837729646645,148,walk_medium,right,factory,0,1564
A_dtw30+accel0,est,0.25,0.08998403122609219,0.1284388839958908,0.6392493829298157,1.1546606157490504,148,walk_medium,right,factory,0,1564
A_dtw30+accel0,true,0.25,0.02555621787509231,0.06764821398748075,0.2272498512677706,0.6071282365690027,148,walk_medium,right,factory,0,1564
A_dtw30+accel0,zero,0.5,0.04306822707199507,0.11548403023997605,1.9701478704683173,3.5142105796371013,148,walk_medium,right,factory,0,1564
A_dtw30+accel0,est,0.5,0.1596816724666964,0.2184393792931795,2.5774496470507886,4.345065109064755,148,walk_medium,right,factory,0,1564
A_dtw30+accel0,true,0.5,0.04384741843846825,0.1149536418766235,0.6217558501176847,1.6282749594570352,148,walk_medium,right,factory,0,1564
A_dtw30+accel0,zero,1.0,0.06757247753433152,0.1776056707043301,6.396934498360326,11.886263391136763,148,walk_medium,right,factory,0,1564
A_dtw30+accel0,est,1.0,0.28096516890543316,0.408019129436673,10.66936204057562,18.405032745997715,148,walk_medium,right,factory,0,1564
A_dtw30+accel0,true,1.0,0.06670652570014729,0.17765219862585493,2.164424299675696,5.661380786936257,148,walk_medium,right,factory,0,1564
C_gyro_W30+accel0,zero,0.022,0.004874091207745724,0.012388287703088696,0.01250937416117726,0.026409473162797986,148,walk_medium,right,factory,0,1564
C_gyro_W30+accel0,est,0.022,0.006343640298715261,0.012236709279552256,0.012539351258043351,0.02639527184386146,148,walk_medium,right,factory,0,1564
C_gyro_W30+accel0,true,0.022,0.004824449444546663,0.012355765747284001,0.010086394224906883,0.025973908109062856,148,walk_medium,right,factory,0,1564
C_gyro_W30+accel0,zero,0.044,0.008861406310977416,0.023152988013387107,0.035882835749188866,0.0776016506849442,148,walk_medium,right,factory,0,1564
C_gyro_W30+accel0,est,0.044,0.012589571380381527,0.025566696853708437,0.03560144780832605,0.07778485447190539,148,walk_medium,right,factory,0,1564
C_gyro_W30+accel0,true,0.044,0.00868092365713223,0.023359033844882502,0.027312356249036898,0.07089487212674309,148,walk_medium,right,factory,0,1564
C_gyro_W30+accel0,zero,0.088,0.013945999749477482,0.03624224829625467,0.11145207332691473,0.21613382576676915,148,walk_medium,right,factory,0,1564
C_gyro_W30+accel0,est,0.088,0.022222943229080788,0.043983698795697565,0.110402927510582,0.21360775501316856,148,walk_medium,right,factory,0,1564
C_gyro_W30+accel0,true,0.088,0.013483018179013415,0.036378409910252756,0.0693342730905176,0.1792414893732535,148,walk_medium,right,factory,0,1564
C_gyro_W30+accel0,zero,0.25,0.025265028355750223,0.06929862062536914,0.614834467642705,1.0389837729646645,148,walk_medium,right,factory,0,1564
C_gyro_W30+accel0,est,0.25,0.05151917902288823,0.08457772805103851,0.6191090356593965,1.0283814597877183,148,walk_medium,right,factory,0,1564
C_gyro_W30+accel0,true,0.25,0.02555621787509231,0.06764821398748075,0.2272498512677706,0.6071282365690027,148,walk_medium,right,factory,0,1564
C_gyro_W30+accel0,zero,0.5,0.04306822707199507,0.11548403023997605,1.9701478704683173,3.5142105796371013,148,walk_medium,right,factory,0,1564
C_gyro_W30+accel0,est,0.5,0.0778492145707407,0.1537491964500661,2.0810998360581583,3.561829266560387,148,walk_medium,right,factory,0,1564
C_gyro_W30+accel0,true,0.5,0.04384741843846825,0.1149536418766235,0.6217558501176847,1.6282749594570352,148,walk_medium,right,factory,0,1564
C_gyro_W30+accel0,zero,1.0,0.06757247753433152,0.1776056707043301,6.396934498360326,11.886263391136763,148,walk_medium,right,factory,0,1564
C_gyro_W30+accel0,est,1.0,0.12493654523631806,0.25739810731060425,7.629269378139135,12.749285376276642,148,walk_medium,right,factory,0,1564
C_gyro_W30+accel0,true,1.0,0.06670652570014729,0.17765219862585493,2.164424299675696,5.661380786936257,148,walk_medium,right,factory,0,1564
B_q1e-05,zero,0.022,0.004874091207745724,0.012388287703088696,0.01250937416117726,0.026409473162797986,148,walk_medium,right,factory,0,1564
B_q1e-05,est,0.022,0.005105130071704321,0.012354062029833393,0.011791220416215404,0.02644482946040912,148,walk_medium,right,factory,0,1564
B_q1e-05,true,0.022,0.004824449444546663,0.012355765747284001,0.010086394224906883,0.025973908109062856,148,walk_medium,right,factory,0,1564
B_q1e-05,zero,0.044,0.008861406310977416,0.023152988013387107,0.035882835749188866,0.0776016506849442,148,walk_medium,right,factory,0,1564
B_q1e-05,est,0.044,0.009391517527547136,0.023857011407040975,0.03353232595724767,0.07638203503571767,148,walk_medium,right,factory,0,1564
B_q1e-05,true,0.044,0.00868092365713223,0.023359033844882502,0.027312356249036898,0.07089487212674309,148,walk_medium,right,factory,0,1564
B_q1e-05,zero,0.088,0.013945999749477482,0.03624224829625467,0.11145207332691473,0.21613382576676915,148,walk_medium,right,factory,0,1564
B_q1e-05,est,0.088,0.016065361834326095,0.03986547529393641,0.09977805065415876,0.21750632659711533,148,walk_medium,right,factory,0,1564
B_q1e-05,true,0.088,0.013483018179013415,0.036378409910252756,0.0693342730905176,0.1792414893732535,148,walk_medium,right,factory,0,1564
B_q1e-05,zero,0.25,0.025265028355750223,0.06929862062536914,0.614834467642705,1.0389837729646645,148,walk_medium,right,factory,0,1564
B_q1e-05,est,0.25,0.02718773637156808,0.06966894536375227,0.5154020794327825,0.8029022679281376,148,walk_medium,right,factory,0,1564
B_q1e-05,true,0.25,0.02555621787509231,0.06764821398748075,0.2272498512677706,0.6071282365690027,148,walk_medium,right,factory,0,1564
B_q1e-05,zero,0.5,0.04306822707199507,0.11548403023997605,1.9701478704683173,3.5142105796371013,148,walk_medium,right,factory,0,1564
B_q1e-05,est,0.5,0.05061130523099452,0.1082584244970581,1.6130809558965695,2.410026368831467,148,walk_medium,right,factory,0,1564
B_q1e-05,true,0.5,0.04384741843846825,0.1149536418766235,0.6217558501176847,1.6282749594570352,148,walk_medium,right,factory,0,1564
B_q1e-05,zero,1.0,0.06757247753433152,0.1776056707043301,6.396934498360326,11.886263391136763,148,walk_medium,right,factory,0,1564
B_q1e-05,est,1.0,0.0836431394771546,0.1774533141484846,5.3753823905112466,8.133710311145835,148,walk_medium,right,factory,0,1564
B_q1e-05,true,1.0,0.06670652570014729,0.17765219862585493,2.164424299675696,5.661380786936257,148,walk_medium,right,factory,0,1564
A_dtw30+accel0,zero,0.022,0.02521862237691782,0.03040084851708331,0.06558758241434723,0.07474653145546672,148,walk_medium,right,large,0,1564
A_dtw30+accel0,est,0.022,0.009443571521220818,0.016250147507854557,0.06582540982132326,0.07522317824544653,148,walk_medium,right,large,0,1564
A_dtw30+accel0,true,0.022,0.004824449444547361,0.01235576574728407,0.011293433335355225,0.02674265495144584,148,walk_medium,right,large,0,1564
A_dtw30+accel0,zero,0.044,0.05007306665163011,0.059418346548907756,0.258479137614109,0.2899698626585191,148,walk_medium,right,large,0,1564
A_dtw30+accel0,est,0.044,0.01873735849561719,0.03261184935068969,0.2591450889092226,0.2920725200577365,148,walk_medium,right,large,0,1564
A_dtw30+accel0,true,0.044,0.008680923657130853,0.0233590338448819,0.033211700932827486,0.07671773901904086,148,walk_medium,right,large,0,1564
A_dtw30+accel0,zero,0.088,0.09841064691404228,0.11386755636449276,1.0232055546563836,1.102018660039827,148,walk_medium,right,large,0,1564
A_dtw30+accel0,est,0.088,0.03669973540005616,0.05991459722135843,1.0329345234382288,1.117108236527381,148,walk_medium,right,large,0,1564
A_dtw30+accel0,true,0.088,0.013483018179014223,0.03637840991025303,0.09006723582996384,0.2138572369736451,148,walk_medium,right,large,0,1564
A_dtw30+accel0,zero,0.25,0.2571706093278425,0.28178821209903754,7.5863000759332095,8.339208519090278,148,walk_medium,right,large,0,1564
A_dtw30+accel0,est,0.25,0.0899312753663049,0.12835198519533245,7.809877077923413,8.443069648042604,148,walk_medium,right,large,0,1564
A_dtw30+accel0,true,0.25,0.025556217875095884,0.06764821398748837,0.44983350786643367,0.8511276485970026,148,walk_medium,right,large,0,1564
A_dtw30+accel0,zero,0.5,0.4192245366402335,0.5359326305036393,26.192895903594277,31.71466252270594,148,walk_medium,right,large,0,1564
A_dtw30+accel0,est,0.5,0.15946465261441561,0.21823201503197873,28.29110747097858,32.35807815399504,148,walk_medium,right,large,0,1564
A_dtw30+accel0,true,0.5,0.043847418438456034,0.11495364187662716,1.2041484403979048,2.261165022019963,148,walk_medium,right,large,0,1564
A_dtw30+accel0,zero,1.0,0.6504534599662174,1.0191212570503845,84.895021578973,117.77172873172879,148,walk_medium,right,large,0,1564
A_dtw30+accel0,est,1.0,0.2807011543369081,0.40721587413809557,92.40492135163105,123.79521211636262,148,walk_medium,right,large,0,1564
A_dtw30+accel0,true,1.0,0.06670652570013852,0.17765219862586815,3.28138895179294,6.2490266611791565,148,walk_medium,right,large,0,1564
C_gyro_W30+accel0,zero,0.022,0.02521862237691782,0.03040084851708331,0.06558758241434723,0.07474653145546672,148,walk_medium,right,large,0,1564
C_gyro_W30+accel0,est,0.022,0.0063408416192726955,0.01224374379929452,0.06587036459622661,0.07506221888789333,148,walk_medium,right,large,0,1564
C_gyro_W30+accel0,true,0.022,0.004824449444547361,0.01235576574728407,0.011293433335355225,0.02674265495144584,148,walk_medium,right,large,0,1564
C_gyro_W30+accel0,zero,0.044,0.05007306665163011,0.059418346548907756,0.258479137614109,0.2899698626585191,148,walk_medium,right,large,0,1564
C_gyro_W30+accel0,est,0.044,0.012583225779966596,0.025596186071443462,0.2592927890713896,0.29217970428255435,148,walk_medium,right,large,0,1564
C_gyro_W30+accel0,true,0.044,0.008680923657130853,0.0233590338448819,0.033211700932827486,0.07671773901904086,148,walk_medium,right,large,0,1564
C_gyro_W30+accel0,zero,0.088,0.09841064691404228,0.11386755636449276,1.0232055546563836,1.102018660039827,148,walk_medium,right,large,0,1564
C_gyro_W30+accel0,est,0.088,0.022229584725040927,0.04396316726855468,1.0362626476601502,1.1164964818265717,148,walk_medium,right,large,0,1564
C_gyro_W30+accel0,true,0.088,0.013483018179014223,0.03637840991025303,0.09006723582996384,0.2138572369736451,148,walk_medium,right,large,0,1564
C_gyro_W30+accel0,zero,0.25,0.2571706093278425,0.28178821209903754,7.5863000759332095,8.339208519090278,148,walk_medium,right,large,0,1564
C_gyro_W30+accel0,est,0.25,0.05156099049247493,0.08470397765358305,7.825795460861845,8.453226318890888,148,walk_medium,right,large,0,1564
C_gyro_W30+accel0,true,0.25,0.025556217875095884,0.06764821398748837,0.44983350786643367,0.8511276485970026,148,walk_medium,right,large,0,1564
C_gyro_W30+accel0,zero,0.5,0.4192245366402335,0.5359326305036393,26.192895903594277,31.71466252270594,148,walk_medium,right,large,0,1564
C_gyro_W30+accel0,est,0.5,0.07789462272605477,0.15379297172158507,27.848030509379488,32.17419990808077,148,walk_medium,right,large,0,1564
C_gyro_W30+accel0,true,0.5,0.043847418438456034,0.11495364187662716,1.2041484403979048,2.261165022019963,148,walk_medium,right,large,0,1564
C_gyro_W30+accel0,zero,1.0,0.6504534599662174,1.0191212570503845,84.895021578973,117.77172873172879,148,walk_medium,right,large,0,1564
C_gyro_W30+accel0,est,1.0,0.1250244960286736,0.2573138867954885,88.46454384195033,121.39371037427054,148,walk_medium,right,large,0,1564
C_gyro_W30+accel0,true,1.0,0.06670652570013852,0.17765219862586815,3.28138895179294,6.2490266611791565,148,walk_medium,right,large,0,1564
B_q1e-05,zero,0.022,0.02521862237691782,0.03040084851708331,0.06558758241434723,0.07474653145546672,148,walk_medium,right,large,0,1564
B_q1e-05,est,0.022,0.005101816591146691,0.01236719543038503,0.012976530536437913,0.0277511633475738,148,walk_medium,right,large,0,1564
B_q1e-05,true,0.022,0.004824449444547361,0.01235576574728407,0.011293433335355225,0.02674265495144584,148,walk_medium,right,large,0,1564
B_q1e-05,zero,0.044,0.05007306665163011,0.059418346548907756,0.258479137614109,0.2899698626585191,148,walk_medium,right,large,0,1564
B_q1e-05,est,0.044,0.009437515696733914,0.02383538936327676,0.03831446048831516,0.08058534233501258,148,walk_medium,right,large,0,1564
B_q1e-05,true,0.044,0.008680923657130853,0.0233590338448819,0.033211700932827486,0.07671773901904086,148,walk_medium,right,large,0,1564
B_q1e-05,zero,0.088,0.09841064691404228,0.11386755636449276,1.0232055546563836,1.102018660039827,148,walk_medium,right,large,0,1564
B_q1e-05,est,0.088,0.016094592890128653,0.03993840249481773,0.11118143722705201,0.2500394019943979,148,walk_medium,right,large,0,1564
B_q1e-05,true,0.088,0.013483018179014223,0.03637840991025303,0.09006723582996384,0.2138572369736451,148,walk_medium,right,large,0,1564
B_q1e-05,zero,0.25,0.2571706093278425,0.28178821209903754,7.5863000759332095,8.339208519090278,148,walk_medium,right,large,0,1564
B_q1e-05,est,0.25,0.02741170703177767,0.06962581796782222,0.6885636988274082,0.9980429163594778,148,walk_medium,right,large,0,1564
B_q1e-05,true,0.25,0.025556217875095884,0.06764821398748837,0.44983350786643367,0.8511276485970026,148,walk_medium,right,large,0,1564
B_q1e-05,zero,0.5,0.4192245366402335,0.5359326305036393,26.192895903594277,31.71466252270594,148,walk_medium,right,large,0,1564
B_q1e-05,est,0.5,0.05096381860236561,0.10861423151119869,2.006459380210351,2.8206333601866764,148,walk_medium,right,large,0,1564
B_q1e-05,true,0.5,0.043847418438456034,0.11495364187662716,1.2041484403979048,2.261165022019963,148,walk_medium,right,large,0,1564
B_q1e-05,zero,1.0,0.6504534599662174,1.0191212570503845,84.895021578973,117.77172873172879,148,walk_medium,right,large,0,1564
B_q1e-05,est,1.0,0.08516330705329678,0.17743827072648177,6.049346185412739,8.81738623495137,148,walk_medium,right,large,0,1564
B_q1e-05,true,1.0,0.06670652570013852,0.17765219862586815,3.28138895179294,6.2490266611791565,148,walk_medium,right,large,0,1564
