estimator,rms,rms_zero,ratio_vs_zero,mean_err,t_conv_30pct,kind,q_bg,meas_infl,q_ba,n_rej,rec,dev,scenario,seed,gate,tau
B,0.00010481203175180122,0.00011426996871997075,0.9172316482264287,0.00017762528006374446,,gyro,1e-06,1.0,0.0001,28.0,static_dark,right,factory,0,,
B,0.0069013231395567455,0.013238016042854706,0.5213260897415043,0.00906412431115761,,accel,1e-06,1.0,0.0001,28.0,static_dark,right,factory,0,,
B,0.00010275581661323417,0.00011426996871997075,0.899237286614184,0.00017364203644864716,,gyro,1e-06,1.0,0.001,28.0,static_dark,right,factory,0,,
B,0.003525961354420469,0.013238016042854706,0.2663511921277378,0.003933646541720231,105.038912231,accel,1e-06,1.0,0.001,28.0,static_dark,right,factory,0,,
B,0.00010201279784273624,0.00011426996871997075,0.8927349765250059,0.00017094635352828268,,gyro,1e-06,1.0,0.01,28.0,static_dark,right,factory,0,,
B,0.006637542435773501,0.013238016042854706,0.501400090035104,0.0033088028710486703,,accel,1e-06,1.0,0.01,28.0,static_dark,right,factory,0,,
B,9.587760199922773e-05,0.00011426996871997075,0.8390446157746377,0.00016120359115711383,,gyro,1e-06,1.5,0.0001,25.0,static_dark,right,factory,0,,
B,0.0070957754702025404,0.013238016042854706,0.5360150227369248,0.00943109534267687,,accel,1e-06,1.5,0.0001,25.0,static_dark,right,factory,0,,
B,9.590385816792025e-05,0.00011426996871997075,0.839274388907392,0.0001605959986926875,,gyro,1e-06,1.5,0.001,25.0,static_dark,right,factory,0,,
B,0.003866759302778247,0.013238016042854706,0.2920950760492054,0.004492791231095768,106.059773889,accel,1e-06,1.5,0.001,25.0,static_dark,right,factory,0,,
B,9.557997206714637e-05,0.00011426996871997075,0.8364399950206868,0.00015821864890687223,,gyro,1e-06,1.5,0.01,25.0,static_dark,right,factory,0,,
B,0.0052617808905860465,0.013238016042854706,0.3974750350469716,0.0029714813857524645,,accel,1e-06,1.5,0.01,25.0,static_dark,right,factory,0,,
B,8.511318367875664e-05,0.00011426996871997075,0.7448429769621663,0.000140863709498609,,gyro,1e-06,2.5,0.0001,25.0,static_dark,right,factory,0,,
B,0.007311181736160638,0.013238016042854706,0.5522868164302376,0.009831979407642582,,accel,1e-06,2.5,0.0001,25.0,static_dark,right,factory,0,,
B,8.777320266781823e-05,0.00011426996871997075,0.7681213502640809,0.00014460284880429453,,gyro,1e-06,2.5,0.001,25.0,static_dark,right,factory,0,,
B,0.004361485019177442,0.013238016042854706,0.32946666668617447,0.005305818993973624,,accel,1e-06,2.5,0.001,25.0,static_dark,right,factory,0,,
B,9.016713858235666e-05,0.00011426996871997075,0.7890711758512831,0.00014644525013518889,,gyro,1e-06,2.5,0.01,25.0,static_dark,right,factory,0,,
B,0.0041633353042913055,0.013238016042854706,0.31449843321035176,0.002822089085274315,,accel,1e-06,2.5,0.01,25.0,static_dark,right,factory,0,,
B,0.00010498365206326355,0.00011426996871997075,0.918733532871929,0.00017786958003341798,,gyro,3e-06,1.0,0.0001,28.0,static_dark,right,factory,0,,
B,0.006901305656767118,0.013238016042854706,0.5213247690912217,0.009064081083581779,,accel,3e-06,1.0,0.0001,28.0,static_dark,right,factory,0,,
B,0.00010280371773434956,0.00011426996871997075,0.8996564791776542,0.00017366795919310557,,gyro,3e-06,1.0,0.001,28.0,static_dark,right,factory,0,,
B,0.0035260523428804528,0.013238016042854706,0.26635806539784784,0.003933763694090911,105.038912231,accel,3e-06,1.0,0.001,28.0,static_dark,right,factory,0,,
B,0.00010213352227708366,0.00011426996871997075,0.8937914608813048,0.00017108028865925196,,gyro,3e-06,1.0,0.01,28.0,static_dark,right,factory,0,,
B,0.006637820158968344,0.013238016042854706,0.5014210692508675,0.0033095641825020847,,accel,3e-06,1.0,0.01,28.0,static_dark,right,factory,0,,
B,9.607741050933827e-05,0.00011426996871997075,0.8407931811444261,0.00016148458862892727,,gyro,3e-06,1.5,0.0001,25.0,static_dark,right,factory,0,,
B,0.007095744624380514,0.013238016042854706,0.5360126926429042,0.009431040380368745,,accel,3e-06,1.5,0.0001,25.0,static_dark,right,factory,0,,
B,9.600972838215702e-05,0.00011426996871997075,0.8402008809281977,0.0001607149363365663,,gyro,3e-06,1.5,0.001,25.0,static_dark,right,factory,0,,
B,0.0038668726537503446,0.013238016042854706,0.2921036385839335,0.004492915199832731,106.059773889,accel,3e-06,1.5,0.001,25.0,static_dark,right,factory,0,,
B,9.57376836190441e-05,0.00011426996871997075,0.8378201612504004,0.0001584130274483658,,gyro,3e-06,1.5,0.01,25.0,static_dark,right,factory,0,,
B,0.0052617046208008845,0.013238016042854706,0.3974692736258557,0.002971979807723196,,accel,3e-06,1.5,0.01,25.0,static_dark,right,factory,0,,
B,8.532373061064946e-05,0.00011426996871997075,0.7466855164697144,0.00014114333668026617,,gyro,3e-06,2.5,0.0001,25.0,static_dark,right,factory,0,,
B,0.007311137990046667,0.013238016042854706,0.5522835118479023,0.009831911552940468,,accel,3e-06,2.5,0.0001,25.0,static_dark,right,factory,0,,
B,8.792190500558554e-05,0.00011426996871997075,0.7694226750078702,0.00014477861805172886,,gyro,3e-06,2.5,0.001,25.0,static_dark,right,factory,0,,
B,0.004361587514990947,0.013238016042854706,0.3294744092220026,0.005305929504710955,,accel,3e-06,2.5,0.001,25.0,static_dark,right,factory,0,,
B,9.035183263125052e-05,0.00011426996871997075,0.7906874714621314,0.00014667043707160794,,gyro,3e-06,2.5,0.01,25.0,static_dark,right,factory,0,,
B,0.00416275194529471,0.013238016042854706,0.31445436625993356,0.0028223802927201066,,accel,3e-06,2.5,0.01,25.0,static_dark,right,factory,0,,
B,0.00010691626856350945,0.00011426996871997075,0.9356462573777172,0.00018056009463356286,,gyro,1e-05,1.0,0.0001,28.0,static_dark,right,factory,0,,
B,0.006901132939894369,0.013238016042854706,0.521311722055156,0.00906362884285514,,accel,1e-05,1.0,0.0001,28.0,static_dark,right,factory,0,,
B,0.00010339854484846192,0.00011426996871997075,0.9048619336008548,0.0001740019279049173,,gyro,1e-05,1.0,0.001,28.0,static_dark,right,factory,0,,
B,0.0035270132856607722,0.013238016042854706,0.2664306550349361,0.003934974298470854,105.061137596,accel,1e-05,1.0,0.001,28.0,static_dark,right,factory,0,,
B,0.00010348951506484442,0.00011426996871997075,0.905658032675717,0.0001725300065825016,,gyro,1e-05,1.0,0.01,28.0,static_dark,right,factory,0,,
B,0.006640813426591979,0.013238016042854706,0.5016471807477825,0.0033176322287349924,,accel,1e-05,1.0,0.01,28.0,static_dark,right,factory,0,,
B,9.829347483961776e-05,0.00011426996871997075,0.8601864159120854,0.00016455805540641275,,gyro,1e-05,1.5,0.0001,25.0,static_dark,right,factory,0,,
B,0.0070954339434045844,0.013238016042854706,0.5359892237956899,0.009430472301254593,,accel,1e-05,1.5,0.0001,25.0,static_dark,right,factory,0,,
B,9.720810517671165e-05,0.00011426996871997075,0.8506881227466616,0.00016203668643055146,,gyro,1e-05,1.5,0.001,25.0,static_dark,right,factory,0,,
B,0.0038680636914934768,0.013238016042854706,0.292193609599173,0.004494176675937733,106.059773889,accel,1e-05,1.5,0.001,25.0,static_dark,right,factory,0,,
B,9.748309659588228e-05,0.00011426996871997075,0.8530946292177057,0.00016053052258131802,,gyro,1e-05,1.5,0.01,25.0,static_dark,right,factory,0,,
B,0.00526087614579025,0.013238016042854706,0.3974066906067724,0.002977115610165569,,accel,1e-05,1.5,0.01,25.0,static_dark,right,factory,0,,
B,8.765363055920498e-05,0.00011426996871997075,0.7670749501472991,0.00014420755737385793,,gyro,1e-05,2.5,0.0001,25.0,static_dark,right,factory,0,,
B,0.007310692966682493,0.013238016042854706,0.552249894773959,0.009831212753821445,,accel,1e-05,2.5,0.0001,25.0,static_dark,right,factory,0,,
B,8.957813680405725e-05,0.00011426996871997075,0.7839167001399716,0.0001467132993998208,,gyro,1e-05,2.5,0.001,25.0,static_dark,right,factory,0,,
B,0.00436265050190583,0.013238016042854706,0.3295547072750826,0.005307030769424684,,accel,1e-05,2.5,0.001,25.0,static_dark,right,factory,0,,
B,9.239127424902067e-05,0.00011426996871997075,0.8085350445438043,0.00014913586343944738,,gyro,1e-05,2.5,0.01,25.0,static_dark,right,factory,0,,
B,0.004156390803355309,0.013238016042854706,0.31397384546899265,0.002825003448385437,,accel,1e-05,2.5,0.01,25.0,static_dark,right,factory,0,,
B,0.00012103398993721984,0.00011426996871997075,1.0591933409365408,0.0001975991448055671,,gyro,3e-05,1.0,0.0001,28.0,static_dark,right,factory,0,,
B,0.00690045821166688,0.013238016042854706,0.5212607530711856,0.009061105098655944,,accel,3e-05,1.0,0.0001,28.0,static_dark,right,factory,0,,
B,0.00010963147350848873,0.00011426996871997075,0.9594075743308456,0.000176911016975731,,gyro,3e-05,1.0,0.001,28.0,static_dark,right,factory,0,,
B,0.0035323184512379446,0.013238016042854706,0.26683140735008654,0.003940590605272751,105.061137596,accel,3e-05,1.0,0.001,28.0,static_dark,right,factory,0,,
B,0.00011354288921882226,0.00011426996871997075,0.9936371777353833,0.00018059056419544183,,gyro,3e-05,1.0,0.01,28.0,static_dark,right,factory,0,,
B,0.00665881226800394,0.013238016042854706,0.5030068135925906,0.0033606216195629104,,accel,3e-05,1.0,0.01,28.0,static_dark,right,factory,0,,
B,0.00011327375336131079,0.00011426996871997075,0.9912819144888253,0.0001835982493821529,,gyro,3e-05,1.5,0.0001,25.0,static_dark,right,factory,0,,
B,0.007094149128487812,0.013238016042854706,0.5358921688508542,0.009427653537808603,,accel,3e-05,1.5,0.0001,25.0,static_dark,right,factory,0,,
B,0.00010613999798372669,0.00011426996871997075,0.9288529538660563,0.00017053917777103922,,gyro,3e-05,1.5,0.001,25.0,static_dark,right,factory,0,,
B,0.0038744450758078984,0.013238016042854706,0.29267565949953295,0.004499596045082927,106.059773889,accel,3e-05,1.5,0.001,25.0,static_dark,right,factory,0,,
B,0.00010932655708512443,0.00011426996871997075,0.9567391879929484,0.00017329359088151332,,gyro,3e-05,1.5,0.01,25.0,static_dark,right,factory,0,,
B,0.005255280429804873,0.013238016042854706,0.3969839901079015,0.002999895834616735,,accel,3e-05,1.5,0.01,25.0,static_dark,right,factory,0,,
B,0.00010310344212796227,0.00011426996871997075,0.9022794289952674,0.00016337460274200045,,gyro,3e-05,2.5,0.0001,25.0,static_dark,right,factory,0,,
B,0.007308757706409368,0.013238016042854706,0.5521037051737304,0.009827904419042025,,accel,3e-05,2.5,0.0001,25.0,static_dark,right,factory,0,,
B,0.0001009535425751456,0.00011426996871997075,0.8834652158043528,0.00015894745110546388,,gyro,3e-05,2.5,0.001,25.0,static_dark,right,factory,0,,
B,0.00436796812224466,0.013238016042854706,0.3299564004231809,0.005311206272241508,,accel,3e-05,2.5,0.001,25.0,static_dark,right,factory,0,,
B,0.00010603899871188312,0.00011426996871997075,0.9279690884640182,0.0001647077078200961,,gyro,3e-05,2.5,0.01,25.0,static_dark,right,factory,0,,
B,0.004114722475815224,0.013238016042854706,0.3108262191626644,0.002824751913594765,,accel,3e-05,2.5,0.01,25.0,static_dark,right,factory,0,,
B,0.00018803366640082793,0.00011426996871997075,1.6455212905642953,0.00024029223324594675,,gyro,0.0001,1.0,0.0001,28.0,static_dark,right,factory,0,,
B,0.006900606213037288,0.013238016042854706,0.5212719330977038,0.00905417402726935,,accel,0.0001,1.0,0.0001,28.0,static_dark,right,factory,0,,
B,0.00016156988767400006,0.00011426996871997075,1.4139313196973229,0.00018217109445512375,,gyro,0.0001,1.0,0.001,28.0,static_dark,right,factory,0,,
B,0.0035517523360796967,0.013238016042854706,0.26829944340464634,0.0039473684235743775,105.660282622,accel,0.0001,1.0,0.001,28.0,static_dark,right,factory,0,,
B,0.0001663008327326128,0.00011426996871997075,1.4553327929943567,0.00018142390890485722,,gyro,0.0001,1.0,0.01,28.0,static_dark,right,factory,0,,
B,0.006711925883259592,0.013238016042854706,0.5070190171647655,0.003390688254552701,,accel,0.0001,1.0,0.01,28.0,static_dark,right,factory,0,,
B,0.00016994272511865435,0.00011426996871997075,1.4872037423508437,0.00022886332103262943,,gyro,0.0001,1.5,0.0001,25.0,static_dark,right,factory,0,,
B,0.0070944384635741,0.013238016042854706,0.5359140252291327,0.009423336823706297,,accel,0.0001,1.5,0.0001,25.0,static_dark,right,factory,0,,
B,0.00015051981167192168,0.00011426996871997075,1.3172298317573234,0.00018929554576365012,,gyro,0.0001,1.5,0.001,25.0,static_dark,right,factory,0,,
B,0.0038938940270091833,0.013238016042854706,0.294144833667197,0.004505425049390326,106.093010936,accel,0.0001,1.5,0.001,25.0,static_dark,right,factory,0,,
B,0.0001529054195795961,0.00011426996871997075,1.3381067772435045,0.000191224440936864,,gyro,0.0001,1.5,0.01,25.0,static_dark,right,factory,0,,
B,0.005238113747194532,0.013238016042854706,0.3956872185558223,0.0029680092511434296,,accel,0.0001,1.5,0.01,25.0,static_dark,right,factory,0,,
B,0.00015342958579444744,0.00011426996871997075,1.3426938636033148,0.0002078378443696561,,gyro,0.0001,2.5,0.0001,25.0,static_dark,right,factory,0,,
B,0.007309049575537673,0.013238016042854706,0.5521257529735941,0.009825334138665372,,accel,0.0001,2.5,0.0001,25.0,static_dark,right,factory,0,,
B,0.0001427141242002995,0.00011426996871997075,1.2489206551726098,0.0001873264027849125,,gyro,0.0001,2.5,0.001,25.0,static_dark,right,factory,0,,
B,0.004382950964967131,0.013238016042854706,0.33108820466589883,0.005315864159380532,,accel,0.0001,2.5,0.001,25.0,static_dark,right,factory,0,,
B,0.00014752791029744216,0.00011426996871997075,1.2910470874370599,0.000196054540149475,,gyro,0.0001,2.5,0.01,25.0,static_dark,right,factory,0,,
B,0.003983185194060609,0.013238016042854706,0.30088989023476487,0.002705372334996171,,accel,0.0001,2.5,0.01,25.0,static_dark,right,factory,0,,
A_dtw,0.007227555703979044,0.00011426996871997075,63.24982657246407,0.009569691948233662,,gyro,,,,,static_dark,right,factory,0,0.02,10.0
A_dtw,0.004860490882970169,0.00011426996871997075,42.535155451746526,0.007363148953470951,,gyro,,,,,static_dark,right,factory,0,0.02,30.0
A_dtw,0.0040834286976820025,0.00011426996871997075,35.73492443748564,0.006425509739283796,,gyro,,,,,static_dark,right,factory,0,0.02,60.0
A_dtw,0.0032277305719169334,0.00011426996871997075,28.246534133800186,0.0013193168257556141,,gyro,,,,,static_dark,right,factory,0,0.05,10.0
A_dtw,0.0016456926335533639,0.00011426996871997075,14.401794732142507,0.0014418352159531046,,gyro,,,,,static_dark,right,factory,0,0.05,30.0
A_dtw,0.0013666550710654546,0.00011426996871997075,11.959879628693788,0.0017479274878848573,,gyro,,,,,static_dark,right,factory,0,0.05,60.0
A_dtw,0.0032277305719169334,0.00011426996871997075,28.246534133800186,0.0013193168257556141,,gyro,,,,,static_dark,right,factory,0,0.12,10.0
A_dtw,0.0016456926335533639,0.00011426996871997075,14.401794732142507,0.0014418352159531046,,gyro,,,,,static_dark,right,factory,0,0.12,30.0
A_dtw,0.0013666550710654546,0.00011426996871997075,11.959879628693788,0.0017479274878848573,,gyro,,,,,static_dark,right,factory,0,0.12,60.0
A_dtw,0.0032271515590948704,0.00011426996871997075,28.24146707349949,0.0013696299782365224,,gyro,,,,,static_dark,right,factory,0,0.5,10.0
A_dtw,0.0016643236318114746,0.00011426996871997075,14.564838430034538,0.001506358570418606,,gyro,,,,,static_dark,right,factory,0,0.5,30.0
A_dtw,0.0013967000196674789,0.00011426996871997075,12.222809153735072,0.0018141853114851205,,gyro,,,,,static_dark,right,factory,0,0.5,60.0
B,7.516749938200402e-05,0.00011256857188612766,0.667748538713293,9.455280322581798e-05,,gyro,1e-06,1.0,0.0001,17.0,static_dark,right,factory,1,,
B,0.004026513837016598,0.007111013146591011,0.5662363089494344,0.00530719269935685,,accel,1e-06,1.0,0.0001,17.0,static_dark,right,factory,1,,
B,7.470600984206874e-05,0.00011256857188612766,0.6636489083084397,9.253222674095068e-05,,gyro,1e-06,1.0,0.001,17.0,static_dark,right,factory,1,,
B,0.0027831198762510953,0.007111013146591011,0.39138162437307694,0.0030545280730949528,,accel,1e-06,1.0,0.001,17.0,static_dark,right,factory,1,,
B,7.649177604614333e-05,0.00011256857188612766,0.679512716244824,9.484925896831912e-05,,gyro,1e-06,1.0,0.01,17.0,static_dark,right,factory,1,,
B,0.007139741416432619,0.007111013146591011,1.0040399686021366,0.003806688528868808,,accel,1e-06,1.0,0.01,17.0,static_dark,right,factory,1,,
B,7.085259327948861e-05,0.00011256857188612766,0.6294171818326151,9.038697057056543e-05,,gyro,1e-06,1.5,0.0001,15.0,static_dark,right,factory,1,,
B,0.004042660013763353,0.007111013146591011,0.5685068963346506,0.005295854131898366,,accel,1e-06,1.5,0.0001,15.0,static_dark,right,factory,1,,
B,7.180848704856848e-05,0.00011256857188612766,0.6379088394335202,9.197608929577469e-05,,gyro,1e-06,1.5,0.001,15.0,static_dark,right,factory,1,,
B,0.002678049827918051,0.007111013146591011,0.3766059452726362,0.0028812546608772407,,accel,1e-06,1.5,0.001,15.0,static_dark,right,factory,1,,
B,7.348143323632488e-05,0.00011256857188612766,0.6527704136697885,9.370064612760936e-05,,gyro,1e-06,1.5,0.01,15.0,static_dark,right,factory,1,,
B,0.0054500507747890755,0.007111013146591011,0.7664239486607904,0.0033227327170438008,,accel,1e-06,1.5,0.01,15.0,static_dark,right,factory,1,,
B,7.413696628737276e-05,0.00011256857188612766,0.6585938245922528,0.00010393589351866165,,gyro,1e-06,2.5,0.0001,15.0,static_dark,right,factory,1,,
B,0.004077641639907037,0.007111013146591011,0.5734262552814771,0.005330415916812547,,accel,1e-06,2.5,0.0001,15.0,static_dark,right,factory,1,,
B,7.687278693621411e-05,0.00011256857188612766,0.682897416642873,0.00010949394577826884,,gyro,1e-06,2.5,0.001,15.0,static_dark,right,factory,1,,
B,0.0027887710706196826,0.007111013146591011,0.3921763345292938,0.0030485610447816133,108.12364983399999,accel,1e-06,2.5,0.001,15.0,static_dark,right,factory,1,,
B,8.239520091110482e-05,0.00011256857188612766,0.7319556385103146,0.00011796137682384154,,gyro,1e-06,2.5,0.01,15.0,static_dark,right,factory,1,,
B,0.003977113988110354,0.007111013146591011,0.5592893594940076,0.0029982112062499574,,accel,1e-06,2.5,0.01,15.0,static_dark,right,factory,1,,
B,7.502890363535513e-05,0.00011256857188612766,0.6665173269787328,9.359729613939604e-05,,gyro,3e-06,1.0,0.0001,17.0,static_dark,right,factory,1,,
B,0.0040264898760502205,0.007111013146591011,0.5662329393921177,0.005307087231251832,,accel,3e-06,1.0,0.0001,17.0,static_dark,right,factory,1,,
B,7.463222635939566e-05,0.00011256857188612766,0.6629934546464024,9.1622156148912e-05,,gyro,3e-06,1.0,0.001,17.0,static_dark,right,factory,1,,
B,0.002783036245996072,0.007111013146591011,0.39136986370644633,0.0030538036070382785,,accel,3e-06,1.0,0.001,17.0,static_dark,right,factory,1,,
B,7.64504940863001e-05,0.00011256857188612766,0.6791459890211279,9.399997487822692e-05,,gyro,3e-06,1.0,0.01,17.0,static_dark,right,factory,1,,
B,0.007140892203066046,0.007111013146591011,1.0042018002018964,0.003806612986526077,,accel,3e-06,1.0,0.01,17.0,static_dark,right,factory,1,,
B,7.08075725045241e-05,0.00011256857188612766,0.629017240941386,8.975143976172706e-05,,gyro,3e-06,1.5,0.0001,15.0,static_dark,right,factory,1,,
B,0.004042659206903008,0.007111013146591011,0.5685067828683514,0.005295767622723953,,accel,3e-06,1.5,0.0001,15.0,static_dark,right,factory,1,,
B,7.182426982062965e-05,0.00011256857188612766,0.6380490452813579,9.144298311595698e-05,,gyro,3e-06,1.5,0.001,15.0,static_dark,right,factory,1,,
B,0.002677953328436196,0.007111013146591011,0.3765923748460506,0.0028804452434323855,,accel,3e-06,1.5,0.001,15.0,static_dark,right,factory,1,,
B,7.35707355043747e-05,0.00011256857188612766,0.6535637280607729,9.333435176314843e-05,,gyro,3e-06,1.5,0.01,15.0,static_dark,right,factory,1,,
B,0.005451015503587656,0.007111013146591011,0.7665596155170729,0.0033223374925433024,,accel,3e-06,1.5,0.01,15.0,static_dark,right,factory,1,,
B,7.411270478717142e-05,0.00011256857188612766,0.6583782981820406,0.00010353363032459987,,gyro,3e-06,2.5,0.0001,15.0,static_dark,right,factory,1,,
B,0.004077671793391192,0.007111013146591011,0.5734304956736032,0.00533036234591478,,accel,3e-06,2.5,0.0001,15.0,static_dark,right,factory,1,,
B,7.689126703263669e-05,0.00011256857188612766,0.6830615841019865,0.00010918201516464383,,gyro,3e-06,2.5,0.001,15.0,static_dark,right,factory,1,,
B,0.002788651554159179,0.007111013146591011,0.3921595272954947,0.0030476253193279725,108.12364983399999,accel,3e-06,2.5,0.001,15.0,static_dark,right,factory,1,,
B,8.2501260433385e-05,0.00011256857188612766,0.7328978155363096,0.00011783745478324945,,gyro,3e-06,2.5,0.01,15.0,static_dark,right,factory,1,,
B,0.003976875117713189,0.007111013146591011,0.5592557678816394,0.0029969285027934486,,accel,3e-06,2.5,0.01,15.0,static_dark,right,factory,1,,
B,7.448507553414208e-05,0.00011256857188612766,0.6616862440920885,8.483233946851937e-05,,gyro,1e-05,1.0,0.0001,17.0,static_dark,right,factory,1,,
B,0.004026162896007004,0.007111013146591011,0.5661869571900776,0.005305850590685634,,accel,1e-05,1.0,0.0001,17.0,static_dark,right,factory,1,,
B,7.483808312160087e-05,0.00011256857188612766,0.6648221778748844,8.34283599022953e-05,,gyro,1e-05,1.0,0.001,17.0,static_dark,right,factory,1,,
B,0.0027820202536785682,0.007111013146591011,0.39122698781850185,0.0030458668021793064,,accel,1e-05,1.0,0.001,17.0,static_dark,right,factory,1,,
B,7.69393583163313e-05,0.00011256857188612766,0.6834888017781887,8.628873915366277e-05,,gyro,1e-05,1.0,0.01,17.0,static_dark,right,factory,1,,
B,0.007152872019349716,0.007111013146591011,1.0058864850754454,0.003804777286969017,,accel,1e-05,1.0,0.01,17.0,static_dark,right,factory,1,,
B,7.119378955391316e-05,0.00011256857188612766,0.6324481901212313,8.449918256235887e-05,,gyro,1e-05,1.5,0.0001,15.0,static_dark,right,factory,1,,
B,0.004042577983889841,0.007111013146591011,0.5684953607247702,0.005294740523025542,,accel,1e-05,1.5,0.0001,15.0,static_dark,right,factory,1,,
B,7.28660329269135e-05,0.00011256857188612766,0.6473035209207724,8.730549249518347e-05,,gyro,1e-05,1.5,0.001,15.0,static_dark,right,factory,1,,
B,0.0026767997460104714,0.007111013146591011,0.37643015008258246,0.0028716345200572365,,accel,1e-05,1.5,0.001,15.0,static_dark,right,factory,1,,
B,7.52850415520956e-05,0.00011256857188612766,0.6687927215444519,9.07777838720946e-05,,gyro,1e-05,1.5,0.01,15.0,static_dark,right,factory,1,,
B,0.005461124956928291,0.007111013146591011,0.7679812769782786,0.0033171233633542104,,accel,1e-05,1.5,0.01,15.0,static_dark,right,factory,1,,
B,7.458708942665877e-05,0.00011256857188612766,0.6625924818706035,0.0001005072837782441,,gyro,1e-05,2.5,0.0001,15.0,static_dark,right,factory,1,,
B,0.004077912260583448,0.007111013146591011,0.5734643118383745,0.005329676946922119,,accel,1e-05,2.5,0.0001,15.0,static_dark,right,factory,1,,
B,7.780226800061551e-05,0.00011256857188612766,0.6911544376641723,0.00010707148532670664,,gyro,1e-05,2.5,0.001,15.0,static_dark,right,factory,1,,
B,0.0027872675645935264,0.007111013146591011,0.3919649010816033,0.0030375638157056246,108.12364983399999,accel,1e-05,2.5,0.001,15.0,static_dark,right,factory,1,,
B,8.421037605991314e-05,0.00011256857188612766,0.748080700047424,0.00011748480257213768,,gyro,1e-05,2.5,0.01,15.0,static_dark,right,factory,1,,
B,0.003974531282683023,0.007111013146591011,0.5589261615397795,0.002982626872408442,,accel,1e-05,2.5,0.01,15.0,static_dark,right,factory,1,,
B,9.292867024776667e-05,0.00011256857188612766,0.8255294412171422,8.78070745362309e-05,,gyro,3e-05,1.0,0.0001,17.0,static_dark,right,factory,1,,
B,0.00402253228297596,0.007111013146591011,0.565676395198952,0.0052963572933960295,,accel,3e-05,1.0,0.0001,17.0,static_dark,right,factory,1,,
B,9.81732929559269e-05,0.00011256857188612766,0.87211991154367,9.085684114617126e-05,,gyro,3e-05,1.0,0.001,17.0,static_dark,right,factory,1,,
B,0.0027728452965703784,0.007111013146591011,0.3899367417003959,0.002996546896829905,,accel,3e-05,1.0,0.001,17.0,static_dark,right,factory,1,,
B,0.00010167331318251065,0.00011256857188612766,0.9032122507991088,9.18387915764222e-05,,gyro,3e-05,1.0,0.01,17.0,static_dark,right,factory,1,,
B,0.007214688918722321,0.007111013146591011,1.014579606308422,0.0037670229157043106,,accel,3e-05,1.0,0.01,17.0,static_dark,right,factory,1,,
B,9.190936103691878e-05,0.00011256857188612766,0.8164744341777085,9.943069628523656e-05,,gyro,3e-05,1.5,0.0001,15.0,static_dark,right,factory,1,,
B,0.004040353121423777,0.007111013146591011,0.5681824851302244,0.005286772485429623,,accel,3e-05,1.5,0.0001,15.0,static_dark,right,factory,1,,
B,9.69296066765898e-05,0.00011256857188612766,0.8610716566133756,0.00010631812234793453,,gyro,3e-05,1.5,0.001,15.0,static_dark,right,factory,1,,
B,0.0026667781618050835,0.007111013146591011,0.375020845388751,0.002817709936350995,,accel,3e-05,1.5,0.001,15.0,static_dark,right,factory,1,,
B,0.00010173235534877267,0.00011256857188612766,0.9037367503576691,0.00011297799281023693,,gyro,3e-05,1.5,0.01,15.0,static_dark,right,factory,1,,
B,0.005514802574418663,0.007111013146591011,0.7755297959282266,0.0032581892664598974,,accel,3e-05,1.5,0.01,15.0,static_dark,right,factory,1,,
B,9.28918856369193e-05,0.00011256857188612766,0.8252026660770562,0.00011600973006590738,,gyro,3e-05,2.5,0.0001,15.0,static_dark,right,factory,1,,
B,0.004077327921300704,0.007111013146591011,0.5733821379946903,0.005323539535968636,,accel,3e-05,2.5,0.0001,15.0,static_dark,right,factory,1,,
B,9.795376425463137e-05,0.00011256857188612766,0.8701697339975107,0.0001252884298556555,,gyro,3e-05,2.5,0.001,15.0,static_dark,right,factory,1,,
B,0.0027763086281854866,0.007111013146591011,0.390423779418329,0.0029786562210222575,108.03495092899999,accel,3e-05,2.5,0.001,15.0,static_dark,right,factory,1,,
B,0.00010692321386183532,0.00011256857188612766,0.9498496078461129,0.00014011739808809888,,gyro,3e-05,2.5,0.01,15.0,static_dark,right,factory,1,,
B,0.003966185902936187,0.007111013146591011,0.5577525763452652,0.002876904877481153,,accel,3e-05,2.5,0.01,15.0,static_dark,right,factory,1,,
B,0.0001718242105660611,0.00011256857188612766,1.526395935269352,0.00021221727574297967,,gyro,0.0001,1.0,0.0001,17.0,static_dark,right,factory,1,,
B,0.004009161984736473,0.007111013146591011,0.5637961711065669,0.005269877154979323,,accel,0.0001,1.0,0.0001,17.0,static_dark,right,factory,1,,
B,0.0001870995536569377,0.00011256857188612766,1.6620940509594833,0.00021959231467938117,,gyro,0.0001,1.0,0.001,17.0,static_dark,right,factory,1,,
B,0.002742113407215152,0.007111013146591011,0.3856150102225179,0.0028913161369218633,,accel,0.0001,1.0,0.001,17.0,static_dark,right,factory,1,,
B,0.00020261103480167814,0.00011256857188612766,1.7998898929501905,0.00022283472896193193,,gyro,0.0001,1.0,0.01,17.0,static_dark,right,factory,1,,
B,0.007389354775417375,0.007111013146591011,1.0391423307886585,0.0036255426625542756,,accel,0.0001,1.0,0.01,17.0,static_dark,right,factory,1,,
B,0.0001652064681378796,0.00011256857188612766,1.4676073913862877,0.00021531033124046894,,gyro,0.0001,1.5,0.0001,15.0,static_dark,right,factory,1,,
B,0.004034422812152315,0.007111013146591011,0.5673485239000577,0.005274895725796528,,accel,0.0001,1.5,0.0001,15.0,static_dark,right,factory,1,,
B,0.00017653346968932033,0.00011256857188612766,1.568230517021202,0.00022260710335885554,,gyro,0.0001,1.5,0.001,15.0,static_dark,right,factory,1,,
B,0.0026347931038005683,0.007111013146591011,0.37052288464178645,0.00270490603715717,,accel,0.0001,1.5,0.001,15.0,static_dark,right,factory,1,,
B,0.00019241571519260385,0.00011256857188612766,1.7093200346118642,0.00023195016104946275,,gyro,0.0001,1.5,0.01,15.0,static_dark,right,factory,1,,
B,0.005687869092055897,0.007111013146591011,0.799867610255036,0.003053545607178661,,accel,0.0001,1.5,0.01,15.0,static_dark,right,factory,1,,
B,0.000156153273312631,0.00011256857188612766,1.3871835690568488,0.00021041701252142873,,gyro,0.0001,2.5,0.0001,15.0,static_dark,right,factory,1,,
B,0.004079632781082272,0.007111013146591011,0.5737062633667089,0.005327773761223326,,accel,0.0001,2.5,0.0001,15.0,static_dark,right,factory,1,,
B,0.00016412846628697015,0.00011256857188612766,1.458030989795265,0.00021914799239609504,,gyro,0.0001,2.5,0.001,15.0,static_dark,right,factory,1,,
B,0.0027464880263309488,0.007111013146591011,0.3862301995106848,0.002868781351299638,107.13611480899999,accel,0.0001,2.5,0.001,15.0,static_dark,right,factory,1,,
B,0.0001816806383802306,0.00011256857188612766,1.6139552571033366,0.00023847794755427456,,gyro,0.0001,2.5,0.01,15.0,static_dark,right,factory,1,,
B,0.004024238855825457,0.007111013146591011,0.5659163853120788,0.0025559018196175507,,accel,0.0001,2.5,0.01,15.0,static_dark,right,factory,1,,
A_dtw,0.00516539838771515,0.00011256857188612766,45.88668312271363,0.0030226811928970292,,gyro,,,,,static_dark,right,factory,1,0.02,10.0
A_dtw,0.0029491502125147556,0.00011256857188612766,26.198699717875634,0.0032493568182060855,,gyro,,,,,static_dark,right,factory,1,0.02,30.0
A_dtw,0.0026716863054844792,0.00011256857188612766,23.733856268400643,0.0036851673348180835,,gyro,,,,,static_dark,right,factory,1,0.02,60.0
A_dtw,0.0027730516885338045,0.00011256857188612766,24.634333029817363,0.001417798461529978,,gyro,,,,,static_dark,right,factory,1,0.05,10.0
A_dtw,0.0013211293240859281,0.00011256857188612766,11.736218217482218,0.0006753254300488773,,gyro,,,,,static_dark,right,factory,1,0.05,30.0
A_dtw,0.0009325743016222364,0.00011256857188612766,8.284499714232956,0.0006846646286959597,,gyro,,,,,static_dark,right,factory,1,0.05,60.0
A_dtw,0.0027730516885338045,0.00011256857188612766,24.634333029817363,0.001417798461529978,,gyro,,,,,static_dark,right,factory,1,0.12,10.0
A_dtw,0.0013211293240859281,0.00011256857188612766,11.736218217482218,0.0006753254300488773,,gyro,,,,,static_dark,right,factory,1,0.12,30.0
A_dtw,0.0009325743016222364,0.00011256857188612766,8.284499714232956,0.0006846646286959597,,gyro,,,,,static_dark,right,factory,1,0.12,60.0
A_dtw,0.00399233422516728,0.00011256857188612766,35.465797942305365,0.003657373284458293,,gyro,,,,,static_dark,right,factory,1,0.5,10.0
A_dtw,0.004258363470362089,0.00011256857188612766,37.82906186879383,0.00608109707570543,,gyro,,,,,static_dark,right,factory,1,0.5,30.0
A_dtw,0.004290237966671787,0.00011256857188612766,38.11221813324339,0.006785319065760421,,gyro,,,,,static_dark,right,factory,1,0.5,60.0
B,0.00012084810881195236,0.011280397695956386,0.010713107114589766,0.00020569157722450046,0.0,gyro,1e-06,1.0,0.0001,28.0,static_dark,right,large,0,,
B,0.006885343197280718,0.15478654669361927,0.04448282712133503,0.008988674283683306,0.0,accel,1e-06,1.0,0.0001,28.0,static_dark,right,large,0,,
B,0.00011964056219464769,0.011280397695956386,0.010606058883680537,0.0002033016006068101,0.0,gyro,1e-06,1.0,0.001,28.0,static_dark,right,large,0,,
B,0.003644222066770617,0.15478654669361927,0.023543532332844803,0.003979259797042418,0.0,accel,1e-06,1.0,0.001,28.0,static_dark,right,large,0,,
B,0.0001191380119138846,0.011280397695956386,0.010561508124539907,0.00020119000543114974,0.0,gyro,1e-06,1.0,0.01,28.0,static_dark,right,large,0,,
B,0.006822872424645223,0.15478654669361927,0.0440792340832453,0.003521479397749997,0.0,accel,1e-06,1.0,0.01,28.0,static_dark,right,large,0,,
B,0.00010757170369052712,0.011280397695956386,0.009536162340188385,0.000181940337258032,0.0,gyro,1e-06,1.5,0.0001,25.0,static_dark,right,large,0,,
B,0.007143849900623556,0.15478654669361927,0.04615291220860375,0.009486212898316818,0.0,accel,1e-06,1.5,0.0001,25.0,static_dark,right,large,0,,
B,0.0001082782580728637,0.011280397695956386,0.009598797931714547,0.0001826762453104454,0.0,gyro,1e-06,1.5,0.001,25.0,static_dark,right,large,0,,
B,0.004082936355701256,0.15478654669361927,0.026377850290716293,0.004792123178767853,0.0,accel,1e-06,1.5,0.001,25.0,static_dark,right,large,0,,
B,0.00010877807173990867,0.011280397695956386,0.009643106091809305,0.00018194957586501517,0.0,gyro,1e-06,1.5,0.01,25.0,static_dark,right,large,0,,
B,0.005497082051013635,0.15478654669361927,0.03551395239726115,0.003185454698386399,0.0,accel,1e-06,1.5,0.01,25.0,static_dark,right,large,0,,
B,9.255546016396995e-05,0.011280397695956386,0.008204982010266157,0.00015449381811223243,0.0,gyro,1e-06,2.5,0.0001,25.0,static_dark,right,large,0,,
B,0.007431139507296629,0.15478654669361927,0.04800894952457106,0.010037543502943646,0.0,accel,1e-06,2.5,0.0001,25.0,static_dark,right,large,0,,
B,9.583956242048067e-05,0.011280397695956386,0.008496115562914568,0.00015947323723077992,0.0,gyro,1e-06,2.5,0.001,25.0,static_dark,right,large,0,,
B,0.00466190976992482,0.15478654669361927,0.030118313700430895,0.005796255644212337,0.0,accel,1e-06,2.5,0.001,25.0,static_dark,right,large,0,,
B,9.951613380597165e-05,0.011280397695956386,0.008822041251404157,0.00016380226534646559,0.0,gyro,1e-06,2.5,0.01,25.0,static_dark,right,large,0,,
B,0.004441242067086041,0.15478654669361927,0.028692687846295375,0.0029786321743240363,0.0,accel,1e-06,2.5,0.01,25.0,static_dark,right,large,0,,
B,0.0001210411180444368,0.011280397695956386,0.010730217258902641,0.00020597501551878554,0.0,gyro,3e-06,1.0,0.0001,28.0,static_dark,right,large,0,,
B,0.006885319399899553,0.15478654669361927,0.044482673378121076,0.008988617603251814,0.0,accel,3e-06,1.0,0.0001,28.0,static_dark,right,large,0,,
B,0.00011970958073138795,0.011280397695956386,0.010612177332568647,0.00020336517008462455,0.0,gyro,3e-06,1.0,0.001,28.0,static_dark,right,large,0,,
B,0.0036443068645036253,0.15478654669361927,0.02354408016942892,0.003979383158910316,0.0,accel,3e-06,1.0,0.001,28.0,static_dark,right,large,0,,
B,0.00011928432725250552,0.011280397695956386,0.010574478885196099,0.00020137259189176751,0.0,gyro,3e-06,1.0,0.01,28.0,static_dark,right,large,0,,
B,0.006823076018390532,0.15478654669361927,0.0440805494026297,0.0035224118818837705,0.0,accel,3e-06,1.0,0.01,28.0,static_dark,right,large,0,,
B,0.00010777315636789196,0.011280397695956386,0.009554020990458939,0.00018223055806142988,0.0,gyro,3e-06,1.5,0.0001,25.0,static_dark,right,large,0,,
B,0.007143815171741094,0.15478654669361927,0.04615268784231868,0.00948614872498944,0.0,accel,3e-06,1.5,0.0001,25.0,static_dark,right,large,0,,
B,0.00010838513362238876,0.011280397695956386,0.009608272380435746,0.0001828025297115361,0.0,gyro,3e-06,1.5,0.001,25.0,static_dark,right,large,0,,
B,0.004083052852287557,0.15478654669361927,0.02637860291805238,0.004792269681222346,0.0,accel,3e-06,1.5,0.001,25.0,static_dark,right,large,0,,
B,0.0001089473006642965,0.011280397695956386,0.009658108127105321,0.00018217177742109897,0.0,gyro,3e-06,1.5,0.01,25.0,static_dark,right,large,0,,
B,0.005496927569326148,0.15478654669361927,0.03551295436680704,0.003186359560004214,0.0,accel,3e-06,1.5,0.01,25.0,static_dark,right,large,0,,
B,9.275462839410059e-05,0.011280397695956386,0.008222638145758795,0.0001547628687218611,0.0,gyro,3e-06,2.5,0.0001,25.0,static_dark,right,large,0,,
B,0.007431095225043447,0.15478654669361927,0.04800866343864093,0.010037472273692285,0.0,accel,3e-06,2.5,0.0001,25.0,static_dark,right,large,0,,
B,9.59768268243897e-05,0.011280397695956386,0.008508283964030267,0.00015963766133728972,0.0,gyro,3e-06,2.5,0.001,25.0,static_dark,right,large,0,,
B,0.004662028643632237,0.15478654669361927,0.03011908168518123,0.005796403353858883,0.0,accel,3e-06,2.5,0.001,25.0,static_dark,right,large,0,,
B,9.970241901443273e-05,0.011280397695956386,0.008838555315312371,0.00016404078311645014,0.0,gyro,3e-06,2.5,0.01,25.0,static_dark,right,large,0,,
B,0.004440638614974079,0.15478654669361927,0.028688789238019315,0.0029796878222959097,0.0,accel,3e-06,2.5,0.01,25.0,static_dark,right,large,0,,
B,0.00012318840458904357,0.011280397695956386,0.010920572829910257,0.0002090674687634525,0.0,gyro,1e-05,1.0,0.0001,28.0,static_dark,right,large,0,,
B,0.006885080056768205,0.15478654669361927,0.044481127099478254,0.008988023392132886,0.0,accel,1e-05,1.0,0.0001,28.0,static_dark,right,large,0,,
B,0.00012052534550330139,0.011280397695956386,0.01068449435488479,0.0002040937639789979,0.0,gyro,1e-05,1.0,0.001,28.0,static_dark,right,large,0,,
B,0.003645191865629471,0.15478654669361927,0.02354979772786504,0.003980640155262803,0.0,accel,1e-05,1.0,0.001,28.0,static_dark,right,large,0,,
B,0.00012091158652553685,0.011280397695956386,0.01071873437306907,0.00020334327823639866,0.0,gyro,1e-05,1.0,0.01,28.0,static_dark,right,large,0,,
B,0.006825264403934004,0.15478654669361927,0.04409468748885371,0.0035322291008097464,0.0,accel,1e-05,1.0,0.01,28.0,static_dark,right,large,0,,
B,0.00010999829802351979,0.011280397695956386,0.00975127836698082,0.00018539567955590768,0.0,gyro,1e-05,1.5,0.0001,25.0,static_dark,right,large,0,,
B,0.007143463576498365,0.15478654669361927,0.04615041635781153,0.00948548327807402,0.0,accel,1e-05,1.5,0.0001,25.0,static_dark,right,large,0,,
B,0.00010959086646580054,0.011280397695956386,0.00971515982145602,0.00018420006007095906,0.0,gyro,1e-05,1.5,0.001,25.0,static_dark,right,large,0,,
B,0.00408426775770326,0.15478654669361927,0.026386451826382305,0.004793752381536179,0.0,accel,1e-05,1.5,0.001,25.0,static_dark,right,large,0,,
B,0.00011081467397415371,0.011280397695956386,0.009823649569897413,0.00018459065342765836,0.0,gyro,1e-05,1.5,0.01,25.0,static_dark,right,large,0,,
B,0.005495252920051021,0.15478654669361927,0.03550213527877324,0.0031957004747910165,0.0,accel,1e-05,1.5,0.01,25.0,static_dark,right,large,0,,
B,9.49577473763576e-05,0.011280397695956386,0.008417943226451716,0.00015771113839503712,0.0,gyro,1e-05,2.5,0.0001,25.0,static_dark,right,large,0,,
B,0.007430644923504758,0.15478654669361927,0.04800575426114258,0.010036738173618318,0.0,accel,1e-05,2.5,0.0001,25.0,static_dark,right,large,0,,
B,9.75078387898576e-05,0.011280397695956386,0.00864400718999567,0.00016144983413405925,0.0,gyro,1e-05,2.5,0.001,25.0,static_dark,right,large,0,,
B,0.004663257927991299,0.15478654669361927,0.03012702348881546,0.005797886748806123,0.0,accel,1e-05,2.5,0.001,25.0,static_dark,right,large,0,,
B,0.00010175759675537157,0.011280397695956386,0.009020745500120797,0.00016665370018664942,0.0,gyro,1e-05,2.5,0.01,25.0,static_dark,right,large,0,,
B,0.004434087489539534,0.15478654669361927,0.028646465628025534,0.0029903007369041852,0.0,accel,1e-05,2.5,0.01,25.0,static_dark,right,large,0,,
B,0.00013805875408643887,0.011280397695956386,0.012238819747988844,0.00022778276894402742,0.0,gyro,3e-05,1.0,0.0001,28.0,static_dark,right,large,0,,
B,0.006884025218898421,0.15478654669361927,0.04447431230909553,0.008984704278420177,0.0,accel,3e-05,1.0,0.0001,28.0,static_dark,right,large,0,,
B,0.00012780461164470155,0.011280397695956386,0.011329796616170269,0.00020886606666692157,0.0,gyro,3e-05,1.0,0.001,28.0,static_dark,right,large,0,,
B,0.003649719416983593,0.15478654669361927,0.023579048017705048,0.003985987555003572,0.0,accel,3e-05,1.0,0.001,28.0,static_dark,right,large,0,,
B,0.00013236042188210476,0.011280397695956386,0.01173366626334027,0.0002143049567924257,0.0,gyro,3e-05,1.0,0.01,28.0,static_dark,right,large,0,,
B,0.006838239522459116,0.15478654669361927,0.0441785133690886,0.0035836321770100267,0.0,accel,3e-05,1.0,0.01,28.0,static_dark,right,large,0,,
B,0.00012474190194048353,0.011280397695956386,0.011058289370879094,0.0002046665568747443,0.0,gyro,3e-05,1.5,0.0001,25.0,static_dark,right,large,0,,
B,0.007141936407652289,0.15478654669361927,0.04614055006853318,0.009482097605552253,0.0,accel,3e-05,1.5,0.0001,25.0,static_dark,right,large,0,,
B,0.00011842693871898507,0.011280397695956386,0.010498471943186616,0.00019295584181034994,0.0,gyro,3e-05,1.5,0.001,25.0,static_dark,right,large,0,,
B,0.0040904721714273146,0.15478654669361927,0.02642653550197677,0.004799918150497579,0.0,accel,3e-05,1.5,0.001,25.0,static_dark,right,large,0,,
B,0.000123245535039371,0.011280397695956386,0.010925637407584492,0.0001991079493881567,0.0,gyro,3e-05,1.5,0.01,25.0,static_dark,right,large,0,,
B,0.005484482043755006,0.15478654669361927,0.03543254992703505,0.0032394883293430017,0.0,accel,3e-05,1.5,0.01,25.0,static_dark,right,large,0,,
B,0.00010950781173215406,0.011280397695956386,0.009707797072740498,0.00017608389893016796,0.0,gyro,3e-05,2.5,0.0001,25.0,static_dark,right,large,0,,
B,0.007428669089156176,0.15478654669361927,0.04799298936399365,0.01003321011570111,0.0,accel,3e-05,2.5,0.0001,25.0,static_dark,right,large,0,,
B,0.00010805911362214253,0.011280397695956386,0.00957937091711561,0.0001728966828147465,0.0,gyro,3e-05,2.5,0.001,25.0,static_dark,right,large,0,,
B,0.004669280196767516,0.15478654669361927,0.030165930415191545,0.005803854907714989,0.0,accel,3e-05,2.5,0.001,25.0,static_dark,right,large,0,,
B,0.00011537965239153506,0.011280397695956386,0.010228331970325345,0.0001831460647758039,0.0,gyro,3e-05,2.5,0.01,25.0,static_dark,right,large,0,,
B,0.004392278152018108,0.15478654669361927,0.02837635599372907,0.003031924692246131,0.0,accel,3e-05,2.5,0.01,25.0,static_dark,right,large,0,,
B,0.00020305445450640507,0.011280397695956386,0.018000646783862307,0.0002673534755144946,0.0,gyro,0.0001,1.0,0.0001,28.0,static_dark,right,large,0,,
B,0.006883271540050829,0.15478654669361927,0.04446944315952348,0.008976183866980795,0.0,accel,0.0001,1.0,0.0001,28.0,static_dark,right,large,0,,
B,0.00017970013334036488,0.011280397695956386,0.015930301234395386,0.0002114569373795413,0.0,gyro,0.0001,1.0,0.001,28.0,static_dark,right,large,0,,
B,0.003664657724018878,0.15478654669361927,0.023675557096526044,0.003990114268144172,0.0,accel,0.0001,1.0,0.001,28.0,static_dark,right,large,0,,
B,0.00018543960992965902,0.011280397695956386,0.01643910214230589,0.00021692427625742496,0.0,gyro,0.0001,1.0,0.01,28.0,static_dark,right,large,0,,
B,0.006876949843154761,0.15478654669361927,0.044428601774848225,0.003641993539417681,0.0,accel,0.0001,1.0,0.01,28.0,static_dark,right,large,0,,
B,0.00017849674841884355,0.011280397695956386,0.015823621935140475,0.00024566128352045136,0.0,gyro,0.0001,1.5,0.0001,25.0,static_dark,right,large,0,,
B,0.007141519942103633,0.15478654669361927,0.04613785948877963,0.009476404485894353,0.0,accel,0.0001,1.5,0.0001,25.0,static_dark,right,large,0,,
B,0.00016162234008245985,0.011280397695956386,0.014327716490030808,0.00020776702817766588,0.0,gyro,0.0001,1.5,0.001,25.0,static_dark,right,large,0,,
B,0.004107518412065276,0.15478654669361927,0.026536662906470793,0.004805700411641508,0.0,accel,0.0001,1.5,0.001,25.0,static_dark,right,large,0,,
B,0.00016605770815250107,0.011280397695956386,0.014720909016534653,0.00021739505020482053,0.0,gyro,0.0001,1.5,0.01,25.0,static_dark,right,large,0,,
B,0.0054533154768200585,0.15478654669361927,0.03523119801628638,0.0032637347766362058,0.0,accel,0.0001,1.5,0.01,25.0,static_dark,right,large,0,,
B,0.00015638474816683946,0.011280397695956386,0.013863407335620598,0.0002157080166200323,0.0,gyro,0.0001,2.5,0.0001,25.0,static_dark,right,large,0,,
B,0.00742867654478775,0.15478654669361927,0.04799303753117441,0.010029913945734567,0.0,accel,0.0001,2.5,0.0001,25.0,static_dark,right,large,0,,
B,0.00014758135846282736,0.011280397695956386,0.013082992500852158,0.00019683405351200066,0.0,gyro,0.0001,2.5,0.001,25.0,static_dark,right,large,0,,
B,0.00468487208634919,0.15478654669361927,0.030266661970450904,0.005811832284051098,0.0,accel,0.0001,2.5,0.001,25.0,static_dark,right,large,0,,
B,0.00015481550481616637,0.011280397695956386,0.013724294921947842,0.0002141069002731992,0.0,gyro,0.0001,2.5,0.01,25.0,static_dark,right,large,0,,
B,0.0042696490620685095,0.15478654669361927,0.027584109557788308,0.0030191748299790463,0.0,accel,0.0001,2.5,0.01,25.0,static_dark,right,large,0,,
A_dtw,0.009684097894164181,0.011280397695956386,0.8584890493387108,0.015277470609391827,,gyro,,,,,static_dark,right,large,0,0.02,10.0
A_dtw,0.007873700893896406,0.011280397695956386,0.6979985197435763,0.013165127956470887,,gyro,,,,,static_dark,right,large,0,0.02,30.0
A_dtw,0.0074592808546424865,0.011280397695956386,0.6612604498258399,0.01262126907590017,,gyro,,,,,static_dark,right,large,0,0.02,60.0
A_dtw,0.0032270216036257393,0.011280397695956386,0.28607338948541766,0.0013318075769479787,,gyro,,,,,static_dark,right,large,0,0.05,10.0
A_dtw,0.0016442652118126956,0.011280397695956386,0.14576305340742599,0.0014411140950099123,37.827772988,gyro,,,,,static_dark,right,large,0,0.05,30.0
A_dtw,0.0013654277508262627,0.011280397695956386,0.12104429184404723,0.001746094322288683,30.77038397,gyro,,,,,static_dark,right,large,0,0.05,60.0
A_dtw,0.0032270216036257393,0.011280397695956386,0.28607338948541766,0.0013318075769479787,,gyro,,,,,static_dark,right,large,0,0.12,10.0
A_dtw,0.0016442652118126956,0.011280397695956386,0.14576305340742599,0.0014411140950099123,37.827772988,gyro,,,,,static_dark,right,large,0,0.12,30.0
A_dtw,0.0013654277508262627,0.011280397695956386,0.12104429184404723,0.001746094322288683,30.77038397,gyro,,,,,static_dark,right,large,0,0.12,60.0
A_dtw,0.0032263206045342724,0.011280397695956386,0.2860112463668539,0.0013824193407188101,,gyro,,,,,static_dark,right,large,0,0.5,10.0
A_dtw,0.001662826749680111,0.011280397695956386,0.14740852180027078,0.001505894737104529,38.560064292999996,gyro,,,,,static_dark,right,large,0,0.5,30.0
A_dtw,0.0013954441487868158,0.011280397695956386,0.12370522621618492,0.0018124805198143448,30.792558494,gyro,,,,,static_dark,right,large,0,0.5,60.0
B,6.968227664167894e-05,0.011205550080934898,0.006218550284312793,8.035070976996741e-05,0.0,gyro,1e-06,1.0,0.0001,17.0,static_dark,right,large,1,,
B,0.003978261770870312,0.1532698136342811,0.02595593794067558,0.0052265740041665155,0.0,accel,1e-06,1.0,0.0001,17.0,static_dark,right,large,1,,
B,6.970272677185395e-05,0.011205550080934898,0.006220375284426781,7.96140175449202e-05,0.0,gyro,1e-06,1.0,0.001,17.0,static_dark,right,large,1,,
B,0.002761526133160299,0.1532698136342811,0.018017416917786622,0.0030573207097696568,0.0,accel,1e-06,1.0,0.001,17.0,static_dark,right,large,1,,
B,7.11585963562301e-05,0.011205550080934898,0.006350299257267094,7.979156857397484e-05,0.0,gyro,1e-06,1.0,0.01,17.0,static_dark,right,large,1,,
B,0.0073188707403802206,0.1532698136342811,0.04775154720187671,0.004209301801670032,0.0,accel,1e-06,1.0,0.01,17.0,static_dark,right,large,1,,
B,7.051981952033673e-05,0.011205550080934898,0.006293293859827464,8.983498315646177e-05,0.0,gyro,1e-06,1.5,0.0001,15.0,static_dark,right,large,1,,
B,0.003956774932418857,0.1532698136342811,0.02581574831075455,0.0051275857294836346,0.0,accel,1e-06,1.5,0.0001,15.0,static_dark,right,large,1,,
B,7.2304820122288e-05,0.011205550080934898,0.00645258997550752,9.355969631579904e-05,0.0,gyro,1e-06,1.5,0.001,15.0,static_dark,right,large,1,,
B,0.002621296104777303,0.1532698136342811,0.01710249423955071,0.002758154573577407,0.0,accel,1e-06,1.5,0.001,15.0,static_dark,right,large,1,,
B,7.485276028968515e-05,0.011205550080934898,0.006679971955775692,9.623446550056613e-05,0.0,gyro,1e-06,1.5,0.01,15.0,static_dark,right,large,1,,
B,0.005606960653802387,0.1532698136342811,0.036582289237861415,0.003629170483569196,0.0,accel,1e-06,1.5,0.01,15.0,static_dark,right,large,1,,
B,7.689142846848277e-05,0.011205550080934898,0.006861905744306628,0.00011055499642721937,0.0,gyro,1e-06,2.5,0.0001,15.0,static_dark,right,large,1,,
B,0.003973803113386998,0.1532698136342811,0.025926847688801505,0.0051186467285961705,0.0,accel,1e-06,2.5,0.0001,15.0,static_dark,right,large,1,,
B,8.052291131939205e-05,0.011205550080934898,0.0071859846895328755,0.00011786543930013756,0.0,gyro,1e-06,2.5,0.001,15.0,static_dark,right,large,1,,
B,0.0026880806476599537,0.1532698136342811,0.017538226111985848,0.0027710637570868115,0.0,accel,1e-06,2.5,0.001,15.0,static_dark,right,large,1,,
B,8.767890268693843e-05,0.011205550080934898,0.007824596030864666,0.0001288666409320952,0.0,gyro,1e-06,2.5,0.01,15.0,static_dark,right,large,1,,
B,0.0040793715832455,0.1532698136342811,0.02661562304094227,0.0030357826085311568,0.0,accel,1e-06,2.5,0.01,15.0,static_dark,right,large,1,,
B,6.959228262508563e-05,0.011205550080934898,0.006210519084064406,7.938040890011346e-05,0.0,gyro,3e-06,1.0,0.0001,17.0,static_dark,right,large,1,,
B,0.003978244763264638,0.1532698136342811,0.02595582697553984,0.005226481942215716,0.0,accel,3e-06,1.0,0.0001,17.0,static_dark,right,large,1,,
B,6.969696000840669e-05,0.011205550080934898,0.006219860649856804,7.876090628289693e-05,0.0,gyro,3e-06,1.0,0.001,17.0,static_dark,right,large,1,,
B,0.002761527977018043,0.1532698136342811,0.018017428947929414,0.003056900475270586,0.0,accel,3e-06,1.0,0.001,17.0,static_dark,right,large,1,,
B,7.119634723732665e-05,0.011205550080934898,0.006353668202193838,7.899080424503509e-05,0.0,gyro,3e-06,1.0,0.01,17.0,static_dark,right,large,1,,
B,0.007320040672072593,0.1532698136342811,0.04775918035327574,0.0042100044947011115,0.0,accel,3e-06,1.0,0.01,17.0,static_dark,right,large,1,,
B,7.049985483645906e-05,0.011205550080934898,0.006291512181664993,8.92638153713639e-05,0.0,gyro,3e-06,1.5,0.0001,15.0,static_dark,right,large,1,,
B,0.003956781801520511,0.1532698136342811,0.02581579312780946,0.005127512127850425,0.0,accel,3e-06,1.5,0.0001,15.0,static_dark,right,large,1,,
B,7.23536780904854e-05,0.011205550080934898,0.006456950133451085,9.312859471800036e-05,0.0,gyro,3e-06,1.5,0.001,15.0,static_dark,right,large,1,,
B,0.0026213264087951455,0.1532698136342811,0.017102691956355626,0.002757709659882931,0.0,accel,3e-06,1.5,0.001,15.0,static_dark,right,large,1,,
B,7.499207866509882e-05,0.011205550080934898,0.006692404935362362,9.599684094437038e-05,0.0,gyro,3e-06,1.5,0.01,15.0,static_dark,right,large,1,,
B,0.00560800662361113,0.1532698136342811,0.036589113607148116,0.003630121756024112,0.0,accel,3e-06,1.5,0.01,15.0,static_dark,right,large,1,,
B,7.686888312974512e-05,0.011205550080934898,0.006859893764655936,0.00011018961844707187,0.0,gyro,3e-06,2.5,0.0001,15.0,static_dark,right,large,1,,
B,0.003973840483860568,0.1532698136342811,0.025927091510286528,0.005118602710278988,0.0,accel,3e-06,2.5,0.0001,15.0,static_dark,right,large,1,,
B,8.054624985253373e-05,0.011205550080934898,0.00718806745503507,0.00011760066516247722,0.0,gyro,3e-06,2.5,0.001,15.0,static_dark,right,large,1,,
B,0.002688105884108963,0.1532698136342811,0.017538390765732145,0.0027704364762608236,0.0,accel,3e-06,2.5,0.001,15.0,static_dark,right,large,1,,
B,8.78039984153894e-05,0.011205550080934898,0.007835759760226225,0.00012880718652323765,0.0,gyro,3e-06,2.5,0.01,15.0,static_dark,right,large,1,,
B,0.00407938188258127,0.1532698136342811,0.02661569023836051,0.0030367541844759957,0.0,accel,3e-06,2.5,0.01,15.0,static_dark,right,large,1,,
B,6.966850871210793e-05,0.011205550080934898,0.006217321613745835,7.080499652611767e-05,0.0,gyro,1e-05,1.0,0.0001,17.0,static_dark,right,large,1,,
B,0.003977992332577498,0.1532698136342811,0.025954180006178072,0.005225390124634923,0.0,accel,1e-05,1.0,0.0001,17.0,static_dark,right,large,1,,
B,7.071815042260772e-05,0.011205550080934898,0.006310993205315948,7.16327690359708e-05,0.0,gyro,1e-05,1.0,0.001,17.0,static_dark,right,large,1,,
B,0.002761412959524183,0.1532698136342811,0.0180166785229688,0.003052165854656892,0.0,accel,1e-05,1.0,0.001,17.0,static_dark,right,large,1,,
B,7.262769406086562e-05,0.011205550080934898,0.006481403727286378,7.229599426228967e-05,0.0,gyro,1e-05,1.0,0.01,17.0,static_dark,right,large,1,,
B,0.007332218201287767,0.1532698136342811,0.047838631935596,0.004216261230867627,0.0,accel,1e-05,1.0,0.01,17.0,static_dark,right,large,1,,
B,7.117198425430616e-05,0.011205550080934898,0.006351494013256703,8.4796623371631e-05,0.0,gyro,1e-05,1.5,0.0001,15.0,static_dark,right,large,1,,
B,0.003956783931784632,0.1532698136342811,0.025815807026594036,0.005126626370667322,0.0,accel,1e-05,1.5,0.0001,15.0,static_dark,right,large,1,,
B,7.375241244114285e-05,0.011205550080934898,0.00658177527282887,9.015736943743321e-05,0.0,gyro,1e-05,1.5,0.001,15.0,static_dark,right,large,1,,
B,0.00262150750016581,0.1532698136342811,0.017103873476489114,0.0027527263407664936,0.0,accel,1e-05,1.5,0.001,15.0,static_dark,right,large,1,,
B,7.724647966011345e-05,0.011205550080934898,0.006893591042133707,9.490872067859297e-05,0.0,gyro,1e-05,1.5,0.01,15.0,static_dark,right,large,1,,
B,0.005618984916328528,0.1532698136342811,0.03666074084056795,0.0036389284617164845,0.0,accel,1e-05,1.5,0.01,15.0,static_dark,right,large,1,,
B,7.734478912975183e-05,0.011205550080934898,0.006902364325812627,0.00010751168412328772,0.0,gyro,1e-05,2.5,0.0001,15.0,static_dark,right,large,1,,
B,0.003974160956265224,0.1532698136342811,0.025929182413883638,0.005118025485812901,0.0,accel,1e-05,2.5,0.0001,15.0,static_dark,right,large,1,,
B,8.148593281074398e-05,0.011205550080934898,0.007271926163569961,0.00011594172877216738,0.0,gyro,1e-05,2.5,0.001,15.0,static_dark,right,large,1,,
B,0.002688236564659931,0.1532698136342811,0.017539243383399444,0.00276359479398184,0.0,accel,1e-05,2.5,0.001,15.0,static_dark,right,large,1,,
B,8.970292788243544e-05,0.011205550080934898,0.008005223057728852,0.0001291222675531907,0.0,gyro,1e-05,2.5,0.01,15.0,static_dark,right,large,1,,
B,0.00407978112636039,0.1532698136342811,0.026618295081216735,0.0030460674725717677,0.0,accel,1e-05,2.5,0.01,15.0,static_dark,right,large,1,,
B,9.218407540948355e-05,0.011205550080934898,0.008226644363164764,8.521744713359448e-05,0.0,gyro,3e-05,1.0,0.0001,17.0,static_dark,right,large,1,,
B,0.003974782475157962,0.1532698136342811,0.02593323747781306,0.0052167469580847135,0.0,accel,3e-05,1.0,0.0001,17.0,static_dark,right,large,1,,
B,9.850513980958472e-05,0.011205550080934898,0.008790745576799588,9.383484196125074e-05,0.0,gyro,3e-05,1.0,0.001,17.0,static_dark,right,large,1,,
B,0.002757121181742816,0.1532698136342811,0.017988677068020813,0.0030201383713419267,0.0,accel,3e-05,1.0,0.001,17.0,static_dark,right,large,1,,
B,0.00010272251009988319,0.011205550080934898,0.009167109990847756,9.487194210166234e-05,0.0,gyro,3e-05,1.0,0.01,17.0,static_dark,right,large,1,,
B,0.007394920842179836,0.1532698136342811,0.048247731675494454,0.004219395858810161,0.0,accel,3e-05,1.0,0.01,17.0,static_dark,right,large,1,,
B,9.325208212138155e-05,0.011205550080934898,0.008321954874847284,0.00010395819628422028,0.0,gyro,3e-05,1.5,0.0001,15.0,static_dark,right,large,1,,
B,0.003955054763244116,0.1532698136342811,0.025804525166849345,0.005119536394987106,0.0,accel,3e-05,1.5,0.0001,15.0,static_dark,right,large,1,,
B,9.920734289454399e-05,0.011205550080934898,0.008853411227293087,0.00011445110617866702,0.0,gyro,3e-05,1.5,0.001,15.0,static_dark,right,large,1,,
B,0.0026186180979324205,0.1532698136342811,0.017085021739380042,0.002719247303236607,0.0,accel,3e-05,1.5,0.001,15.0,static_dark,right,large,1,,
B,0.0001060814533240561,0.011205550080934898,0.009466867093347152,0.0001246785911643205,0.0,gyro,3e-05,1.5,0.01,15.0,static_dark,right,large,1,,
B,0.005677602518765032,0.1532698136342811,0.037043187984246044,0.0036514569612102073,0.0,accel,3e-05,1.5,0.01,15.0,static_dark,right,large,1,,
B,9.527198112938266e-05,0.011205550080934898,0.008502213674585974,0.00012307071881658194,0.0,gyro,3e-05,2.5,0.0001,15.0,static_dark,right,large,1,,
B,0.003974091218143056,0.1532698136342811,0.02592872741155464,0.005112649218338032,0.0,accel,3e-05,2.5,0.0001,15.0,static_dark,right,large,1,,
B,0.00010124869488414154,0.011205550080934898,0.009035584523102162,0.00013473519172443898,0.0,gyro,3e-05,2.5,0.001,15.0,static_dark,right,large,1,,
B,0.002685095356500812,0.1532698136342811,0.017518748753148156,0.002721332599244976,0.0,accel,3e-05,2.5,0.001,15.0,static_dark,right,large,1,,
B,0.00011302701842413627,0.011205550080934898,0.010086699680762682,0.00015442971777807863,0.0,gyro,3e-05,2.5,0.01,15.0,static_dark,right,large,1,,
B,0.004089296426078155,0.1532698136342811,0.026680377101753857,0.003064370271721838,0.0,accel,3e-05,2.5,0.01,15.0,static_dark,right,large,1,,
B,0.00017349185100300405,0.011205550080934898,0.015482671510984791,0.00021421734914415003,0.0,gyro,0.0001,1.0,0.0001,17.0,static_dark,right,large,1,,
B,0.003962723262945218,0.1532698136342811,0.025854557847905513,0.005193194811689339,0.0,accel,0.0001,1.0,0.0001,17.0,static_dark,right,large,1,,
B,0.0001887612706828417,0.011205550080934898,0.016845337294418037,0.00022980208777800945,0.0,gyro,0.0001,1.0,0.001,17.0,static_dark,right,large,1,,
B,0.002737943886539803,0.1532698136342811,0.017863555918928974,0.002954620684702366,0.0,accel,0.0001,1.0,0.001,17.0,static_dark,right,large,1,,
B,0.0002058213477622576,0.011205550080934898,0.018367804014587527,0.0002404977140379263,0.0,gyro,0.0001,1.0,0.01,17.0,static_dark,right,large,1,,
B,0.007570906964524598,0.1532698136342811,0.04939594291273575,0.0041559856953156,0.0,accel,0.0001,1.0,0.01,17.0,static_dark,right,large,1,,
B,0.00016697448532561088,0.011205550080934898,0.014901052078621376,0.0002169056637157009,0.0,gyro,0.0001,1.5,0.0001,15.0,static_dark,right,large,1,,
B,0.003950706172651173,0.1532698136342811,0.02577615304001086,0.005111005650427702,0.0,accel,0.0001,1.5,0.0001,15.0,static_dark,right,large,1,,
B,0.000178059633508826,0.011205550080934898,0.01589030723371415,0.00022974342219187347,0.0,gyro,0.0001,1.5,0.001,15.0,static_dark,right,large,1,,
B,0.0026014120092987324,0.1532698136342811,0.016972761613098793,0.0026515731916113387,0.0,accel,0.0001,1.5,0.001,15.0,static_dark,right,large,1,,
B,0.00019660847050590862,0.011205550080934898,0.01754563310911598,0.00024855489900879385,0.0,gyro,0.0001,1.5,0.01,15.0,static_dark,right,large,1,,
B,0.00586424851562689,0.1532698136342811,0.038260948953847115,0.003586881664245421,0.0,accel,0.0001,1.5,0.01,15.0,static_dark,right,large,1,,
B,0.00015809521637920727,0.011205550080934898,0.014108652876237658,0.00021199818830320734,0.0,gyro,0.0001,2.5,0.0001,15.0,static_dark,right,large,1,,
B,0.003977960781332936,0.1532698136342811,0.025953974151914836,0.005120049346518498,0.0,accel,0.0001,2.5,0.0001,15.0,static_dark,right,large,1,,
B,0.00016587254552900686,0.011205550080934898,0.014802713327855462,0.00022421492118326346,0.0,gyro,0.0001,2.5,0.001,15.0,static_dark,right,large,1,,
B,0.002668589786906313,0.1532698136342811,0.01741105912266499,0.002644005570957444,0.0,accel,0.0001,2.5,0.001,15.0,static_dark,right,large,1,,
B,0.00018662379531784833,0.011205550080934898,0.01665458580524036,0.00025351882925582915,0.0,gyro,0.0001,2.5,0.01,15.0,static_dark,right,large,1,,
B,0.0042000496412167125,0.1532698136342811,0.027402980023440885,0.0030012999311000155,0.0,accel,0.0001,2.5,0.01,15.0,static_dark,right,large,1,,
A_dtw,0.006221597984946279,0.011205550080934898,0.5552246824126639,0.006263235360885297,,gyro,,,,,static_dark,right,large,1,0.02,10.0
A_dtw,0.005267738121814848,0.011205550080934898,0.47010080574066315,0.007947682535057489,,gyro,,,,,static_dark,right,large,1,0.02,30.0
A_dtw,0.005261758302234944,0.011205550080934898,0.46956715772367924,0.00845327803827873,,gyro,,,,,static_dark,right,large,1,0.02,60.0
A_dtw,0.0027237372629206114,0.011205550080934898,0.24307037523796116,0.0012381795798975758,,gyro,,,,,static_dark,right,large,1,0.05,10.0
A_dtw,0.0012785895769327734,0.011205550080934898,0.11410324059933152,0.00043963719385087285,6.25831673,gyro,,,,,static_dark,right,large,1,0.05,30.0
A_dtw,0.0009231746221989258,0.011205550080934898,0.08238548001044708,0.0006385770252675996,5.858955452,gyro,,,,,static_dark,right,large,1,0.05,60.0
A_dtw,0.002769919215278983,0.011205550080934898,0.2471917215373227,0.0014019894918081168,,gyro,,,,,static_dark,right,large,1,0.12,10.0
A_dtw,0.0013186076767567102,0.011205550080934898,0.11767451550639954,0.0006569607861201483,6.25831673,gyro,,,,,static_dark,right,large,1,0.12,30.0
A_dtw,0.0009322530678295281,0.011205550080934898,0.08319565403715984,0.0006806841905386469,5.858955452,gyro,,,,,static_dark,right,large,1,0.12,60.0
A_dtw,0.0027314040463955833,0.011205550080934898,0.24375457042870113,0.0010440844552186928,,gyro,,,,,static_dark,right,large,1,0.5,10.0
A_dtw,0.0013656960303199935,0.011205550080934898,0.12187675040099871,0.0008260849396857674,6.302654235,gyro,,,,,static_dark,right,large,1,0.5,30.0
A_dtw,0.0010489865914567575,0.011205550080934898,0.09361312776973808,0.001021085177887538,5.93659302,gyro,,,,,static_dark,right,large,1,0.5,60.0
B,0.0010569498685272004,0.0032483677773922403,0.3253787566430394,0.0018293291977528377,,gyro,1e-06,1.0,0.0001,27.0,static_dark,right,drift,0,,
B,0.01043332730054972,0.03010239612128574,0.34659457866784893,0.0162742211463516,,accel,1e-06,1.0,0.0001,27.0,static_dark,right,drift,0,,
B,0.001057144598307418,0.0032483677773922403,0.3254387036051946,0.0018296031706393542,,gyro,1e-06,1.0,0.001,28.0,static_dark,right,drift,0,,
B,0.004212448084270345,0.03010239612128574,0.13993730157884926,0.005514239662979823,0.0,accel,1e-06,1.0,0.001,28.0,static_dark,right,drift,0,,
B,0.0010186207416127476,0.0032483677773922403,0.31357925315663826,0.0017624153427593734,90.746683046,gyro,1e-06,1.0,0.01,28.0,static_dark,right,drift,0,,
B,0.007279226693220114,0.03010239612128574,0.2418155240496916,0.0053097069646313635,92.97702058499999,accel,1e-06,1.0,0.01,28.0,static_dark,right,drift,0,,
B,0.0010516271442619367,0.0032483677773922403,0.32374017239703484,0.0018201122040779798,,gyro,1e-06,1.5,0.0001,25.0,static_dark,right,drift,0,,
B,0.010738112205022042,0.03010239612128574,0.3567195170031333,0.016787429657064187,,accel,1e-06,1.5,0.0001,25.0,static_dark,right,drift,0,,
B,0.0010549988171013398,0.0032483677773922403,0.3247781314800146,0.001825855562121122,,gyro,1e-06,1.5,0.001,25.0,static_dark,right,drift,0,,
B,0.004829240496140407,0.03010239612128574,0.1604271127349094,0.0066621526947416585,0.0,accel,1e-06,1.5,0.001,25.0,static_dark,right,drift,0,,
B,0.001024217252189802,0.0032483677773922403,0.31530212167417637,0.001771848910114027,92.85495668,gyro,1e-06,1.5,0.01,25.0,static_dark,right,drift,0,,
B,0.008028604796582867,0.03010239612128574,0.26670982483370326,0.008926950182584674,92.85495668,accel,1e-06,1.5,0.01,25.0,static_dark,right,drift,0,,
B,0.0010444383737010458,0.0032483677773922403,0.32152713155513174,0.001807577769937859,,gyro,1e-06,2.5,0.0001,25.0,static_dark,right,drift,0,,
B,0.011052925154798547,0.03010239612128574,0.3671775864706963,0.017310668486205747,,accel,1e-06,2.5,0.0001,25.0,static_dark,right,drift,0,,
B,0.0010492357648401313,0.0032483677773922403,0.32300399361874227,0.0018157551454490225,,gyro,1e-06,2.5,0.001,25.0,static_dark,right,drift,0,,
B,0.005667985072187542,0.03010239612128574,0.18829016299402315,0.008201207908281577,6.524673248,accel,1e-06,2.5,0.001,25.0,static_dark,right,drift,0,,
B,0.001033585576580117,0.0032483677773922403,0.31818613143917773,0.001787643510298261,109.888071336,gyro,1e-06,2.5,0.01,25.0,static_dark,right,drift,0,,
B,0.011355449741845911,0.03010239612128574,0.3772274371811999,0.014677202877777691,98.147988277,accel,1e-06,2.5,0.01,25.0,static_dark,right,drift,0,,
B,0.0010508127748531065,0.0032483677773922403,0.3234894712866193,0.0018186003014116028,,gyro,3e-06,1.0,0.0001,27.0,static_dark,right,drift,0,,
B,0.010433281313822512,0.03010239612128574,0.34659305099121407,0.01627412339771023,,accel,3e-06,1.0,0.0001,27.0,static_dark,right,drift,0,,
B,0.0010511504531292865,0.0032483677773922403,0.323593424502302,0.0018191231287001733,,gyro,3e-06,1.0,0.001,28.0,static_dark,right,drift,0,,
B,0.00421173736354105,0.03010239612128574,0.13991369147397817,0.005513976762983109,0.0,accel,3e-06,1.0,0.001,28.0,static_dark,right,drift,0,,
B,0.0010132585355962817,0.0032483677773922403,0.31192851457531584,0.0017530262240416112,90.746683046,gyro,3e-06,1.0,0.01,28.0,static_dark,right,drift,0,,
B,0.007266980323066964,0.03010239612128574,0.2414087002837758,0.005271431816875326,92.97702058499999,accel,3e-06,1.0,0.01,28.0,static_dark,right,drift,0,,
B,0.0010458240535130559,0.0032483677773922403,0.3219537088108397,0.0018099690437020052,,gyro,3e-06,1.5,0.0001,25.0,static_dark,right,drift,0,,
B,0.01073807912728293,0.03010239612128574,0.3567184181623972,0.016787352434594546,,accel,3e-06,1.5,0.0001,25.0,static_dark,right,drift,0,,
B,0.001049340587495462,0.0032483677773922403,0.32303626294983845,0.001815965340033448,,gyro,3e-06,1.5,0.001,25.0,static_dark,right,drift,0,,
B,0.004827703125654955,0.03010239612128574,0.16037604136905342,0.0066604461406041095,0.0,accel,3e-06,1.5,0.001,25.0,static_dark,right,drift,0,,
B,0.0010192667799051973,0.0032483677773922403,0.31377813405212857,0.001763178561092902,92.289050362,gyro,3e-06,1.5,0.01,25.0,static_dark,right,drift,0,,
B,0.00799950760125281,0.03010239612128574,0.2657432175505879,0.008873468279659888,92.84385938,accel,3e-06,1.5,0.01,25.0,static_dark,right,drift,0,,
B,0.0010389601620720448,0.0032483677773922403,0.319840681003834,0.0017980032072589705,,gyro,3e-06,2.5,0.0001,25.0,static_dark,right,drift,0,,
B,0.011052816816233171,0.03010239612128574,0.36717398746930985,0.017310434345093124,,accel,3e-06,2.5,0.0001,25.0,static_dark,right,drift,0,,
B,0.0010438969602668117,0.0032483677773922403,0.32136045909950584,0.0018064253215769961,,gyro,3e-06,2.5,0.001,25.0,static_dark,right,drift,0,,
B,0.005665765455667472,0.03010239612128574,0.18821642745114056,0.00819851060767494,6.524673248,accel,3e-06,2.5,0.001,25.0,static_dark,right,drift,0,,
B,0.0010290106694018,0.0032483677773922403,0.31677776037659144,0.00177962776862451,108.955868301,gyro,3e-06,2.5,0.01,25.0,static_dark,right,drift,0,,
B,0.01130631326247288,0.03010239612128574,0.3755951259467369,0.014604056456499748,98.147988277,accel,3e-06,2.5,0.01,25.0,static_dark,right,drift,0,,
B,0.0009874593916656415,0.0032483677773922403,0.30398632769912676,0.0017073619623473584,89.648063792,gyro,1e-05,1.0,0.0001,27.0,static_dark,right,drift,0,,
B,0.010432627279624683,0.03010239612128574,0.34657132400990687,0.016272955554876494,,accel,1e-05,1.0,0.0001,27.0,static_dark,right,drift,0,,
B,0.000990612943716857,0.0032483677773922403,0.30495713897030213,0.0017127864878396606,89.45938155399999,gyro,1e-05,1.0,0.001,27.0,static_dark,right,drift,0,,
B,0.00420505932288409,0.03010239612128574,0.13969184731811585,0.005511109165829081,0.0,accel,1e-05,1.0,0.001,27.0,static_dark,right,drift,0,,
B,0.0009575513870315243,0.0032483677773922403,0.29477924073001294,0.0016550834851809175,85.420370459,gyro,1e-05,1.0,0.01,28.0,static_dark,right,drift,0,,
B,0.007145945260058515,0.03010239612128574,0.2373879219204593,0.004874694801871441,90.81319120799999,accel,1e-05,1.0,0.01,28.0,static_dark,right,drift,0,,
B,0.0009858222230178233,0.0032483677773922403,0.3034823303810852,0.0017046464276081264,89.79230505999999,gyro,1e-05,1.5,0.0001,25.0,static_dark,right,drift,0,,
B,0.010737459529494692,0.03010239612128574,0.35669783515678727,0.01678624128392096,,accel,1e-05,1.5,0.0001,25.0,static_dark,right,drift,0,,
B,0.000990765537843206,0.0032483677773922403,0.3050041146013902,0.0017131634131789082,89.79230505999999,gyro,1e-05,1.5,0.001,25.0,static_dark,right,drift,0,,
B,0.00481292443102923,0.03010239612128574,0.15988509391868502,0.006645030362474757,0.0,accel,1e-05,1.5,0.001,25.0,static_dark,right,drift,0,,
B,0.0009676893263934031,0.0032483677773922403,0.29790017408997177,0.0016724883726971205,88.116784977,gyro,1e-05,1.5,0.01,25.0,static_dark,right,drift,0,,
B,0.007700996753304439,0.03010239612128574,0.2558267030397284,0.008312910581034757,91.65653736,accel,1e-05,1.5,0.01,25.0,static_dark,right,drift,0,,
B,0.0009822247502926263,0.0032483677773922403,0.30237485949979076,0.001698435518091653,89.81452611,gyro,1e-05,2.5,0.0001,25.0,static_dark,right,drift,0,,
B,0.011051248560402772,0.03010239612128574,0.3671218900939355,0.017307424905363904,,accel,1e-05,2.5,0.0001,25.0,static_dark,right,drift,0,,
B,0.000988538592073958,0.0032483677773922403,0.30431855621580745,0.0017093054691503975,89.81452611,gyro,1e-05,2.5,0.001,25.0,static_dark,right,drift,0,,
B,0.005644168893175503,0.03010239612128574,0.18749899079244553,0.00817297886775314,6.524673248,accel,1e-05,2.5,0.001,25.0,static_dark,right,drift,0,,
B,0.0009812145641262902,0.0032483677773922403,0.30206387680461483,0.0016955680808974645,90.225125173,gyro,1e-05,2.5,0.01,25.0,static_dark,right,drift,0,,
B,0.010791908182233792,0.03010239612128574,0.35850661650826904,0.013832441204169741,97.970445054,accel,1e-05,2.5,0.01,25.0,static_dark,right,drift,0,,
B,0.0006807284348060803,0.0032483677773922403,0.20956014880573737,0.0011620912430356748,53.29618821099999,gyro,3e-05,1.0,0.0001,27.0,static_dark,right,drift,0,,
B,0.010425365781661717,0.03010239612128574,0.34633009743333437,0.01626297721225981,,accel,3e-05,1.0,0.0001,27.0,static_dark,right,drift,0,,
B,0.0006888014407105642,0.0032483677773922403,0.21204539877055661,0.0011767073894803403,53.274061368999995,gyro,3e-05,1.0,0.001,27.0,static_dark,right,drift,0,,
B,0.0041953723136771825,0.03010239612128574,0.13937004538687164,0.005555682057138921,0.0,accel,3e-05,1.0,0.001,27.0,static_dark,right,drift,0,,
B,0.0006794108335401709,0.0032483677773922403,0.209154529320444,0.0011601349360644967,53.196331717999996,gyro,3e-05,1.0,0.01,28.0,static_dark,right,drift,0,,
B,0.006715032079669437,0.03010239612128574,0.22307300895961446,0.0030274756915469278,87.861561841,accel,3e-05,1.0,0.01,28.0,static_dark,right,drift,0,,
B,0.0006919811428878727,0.0032483677773922403,0.21302426027738422,0.001182314436765955,53.340566697,gyro,3e-05,1.5,0.0001,25.0,static_dark,right,drift,0,,
B,0.01072805021915877,0.03010239612128574,0.3563852583672848,0.01677317165027479,,accel,3e-05,1.5,0.0001,25.0,static_dark,right,drift,0,,
B,0.0007021258532239328,0.0032483677773922403,0.2161472780608583,0.0012006607637024393,53.340566697,gyro,3e-05,1.5,0.001,25.0,static_dark,right,drift,0,,
B,0.0047708855797974565,0.03010239612128574,0.15848856551402266,0.006629131255707975,0.0,accel,3e-05,1.5,0.001,25.0,static_dark,right,drift,0,,
B,0.000705431571725749,0.0032483677773922403,0.21716493330446188,0.0012057246918252584,53.362746013,gyro,3e-05,1.5,0.01,25.0,static_dark,right,drift,0,,
B,0.006352174079941919,0.03010239612128574,0.21101888548500716,0.00541579269135595,87.92809502499999,accel,3e-05,1.5,0.01,25.0,static_dark,right,drift,0,,
B,0.0007011380987168236,0.0032483677773922403,0.21584320088278022,0.0011989198512142721,55.17153970299999,gyro,3e-05,2.5,0.0001,25.0,static_dark,right,drift,0,,
B,0.01103298839351227,0.03010239612128574,0.3665152883198797,0.01727848513216294,,accel,3e-05,2.5,0.0001,25.0,static_dark,right,drift,0,,
B,0.0007126483606265583,0.0032483677773922403,0.2193865995058804,0.0012196896194188915,58.456047268,gyro,3e-05,2.5,0.001,25.0,static_dark,right,drift,0,,
B,0.005575808109914738,0.03010239612128574,0.18522804920409713,0.008114163786014338,6.491359465,accel,3e-05,2.5,0.001,25.0,static_dark,right,drift,0,,
B,0.0007338614981022696,0.0032483677773922403,0.2259169984414163,0.001255276124708907,59.832038483999995,gyro,3e-05,2.5,0.01,25.0,static_dark,right,drift,0,,
B,0.008128770953241531,0.03010239612128574,0.27003733923671236,0.009654030495680784,93.12129435899999,accel,3e-05,2.5,0.01,25.0,static_dark,right,drift,0,,
B,0.00026681065385057283,0.0032483677773922403,0.0821368367546011,0.00042172239058978005,39.048529245999994,gyro,0.0001,1.0,0.0001,27.0,static_dark,right,drift,0,,
B,0.01040506657647697,0.03010239612128574,0.3456557589154649,0.016229411131017057,,accel,0.0001,1.0,0.0001,27.0,static_dark,right,drift,0,,
B,0.0002682193082333037,0.0032483677773922403,0.08257048666103557,0.00043276368149166916,38.95961273699999,gyro,0.0001,1.0,0.001,27.0,static_dark,right,drift,0,,
B,0.00425673565474458,0.03010239612128574,0.14140853231728603,0.0057476868824868155,0.0,accel,0.0001,1.0,0.001,27.0,static_dark,right,drift,0,,
B,0.0002739639093420971,0.0032483677773922403,0.08433894439195332,0.00043914849523088824,38.95961273699999,gyro,0.0001,1.0,0.01,28.0,static_dark,right,drift,0,,
B,0.006626777319309571,0.03010239612128574,0.2201411905088746,0.0026949175891805358,95.118690156,accel,0.0001,1.0,0.01,28.0,static_dark,right,drift,0,,
B,0.000270140078673925,0.0032483677773922403,0.08316178991616244,0.00043859763728422354,39.159340359,gyro,0.0001,1.5,0.0001,25.0,static_dark,right,drift,0,,
B,0.010701526515450326,0.03010239612128574,0.3555041423391262,0.016733234659225108,,accel,0.0001,1.5,0.0001,25.0,static_dark,right,drift,0,,
B,0.00027718896403775397,0.0032483677773922403,0.08533176753165515,0.0004573025029862858,39.048529245999994,gyro,0.0001,1.5,0.001,25.0,static_dark,right,drift,0,,
B,0.00480905789999549,0.03010239612128574,0.1597566479631484,0.006779877024038544,0.0,accel,0.0001,1.5,0.001,25.0,static_dark,right,drift,0,,
B,0.0002898516847607929,0.0032483677773922403,0.08922994704543068,0.0004779728685768301,39.32582626999999,gyro,0.0001,1.5,0.01,25.0,static_dark,right,drift,0,,
B,0.005202596616338033,0.03010239612128574,0.17282998321383522,0.002327346682224325,62.650556828999996,accel,0.0001,1.5,0.01,25.0,static_dark,right,drift,0,,
B,0.00027527702259404034,0.0032483677773922403,0.08474318225599141,0.000452211276762026,39.414595711,gyro,0.0001,2.5,0.0001,25.0,static_dark,right,drift,0,,
B,0.010986116860202812,0.03010239612128574,0.3649582184733264,0.01720541513782951,,accel,0.0001,2.5,0.0001,25.0,static_dark,right,drift,0,,
B,0.00028728411797435566,0.0032483677773922403,0.08843952953042303,0.00047815095743149774,39.392429785,gyro,0.0001,2.5,0.001,25.0,static_dark,right,drift,0,,
B,0.00559757329758274,0.03010239612128574,0.185951087582182,0.008244902430252941,6.302654235,accel,0.0001,2.5,0.001,25.0,static_dark,right,drift,0,,
B,0.00031322997482786426,0.0032483677773922403,0.09642688152735045,0.0005206226229413409,39.54768864,gyro,0.0001,2.5,0.01,25.0,static_dark,right,drift,0,,
B,0.0043465773268929,0.03010239612128574,0.1443930678933358,0.002947736711443984,12.727535374,accel,0.0001,2.5,0.01,25.0,static_dark,right,drift,0,,
A_dtw,0.008290489697936623,0.0032483677773922403,2.5522016797593503,0.01191231262889555,,gyro,,,,,static_dark,right,drift,0,0.02,10.0
A_dtw,0.005915133819631869,0.0032483677773922403,1.8209556999055334,0.009313846032476876,,gyro,,,,,static_dark,right,drift,0,0.02,30.0
A_dtw,0.005186816931089437,0.0032483677773922403,1.5967455924136047,0.008407367376640634,,gyro,,,,,static_dark,right,drift,0,0.02,60.0
A_dtw,0.003201625990654776,0.0032483677773922403,0.9856106851376946,0.0014158160202314572,,gyro,,,,,static_dark,right,drift,0,0.05,10.0
A_dtw,0.0017058081314597854,0.0032483677773922403,0.5251277713477359,0.0017490728337090956,,gyro,,,,,static_dark,right,drift,0,0.05,30.0
A_dtw,0.001659429644086229,0.0032483677773922403,0.5108502970739366,0.0024023590367277183,,gyro,,,,,static_dark,right,drift,0,0.05,60.0
A_dtw,0.003201625990654776,0.0032483677773922403,0.9856106851376946,0.0014158160202314572,,gyro,,,,,static_dark,right,drift,0,0.12,10.0
A_dtw,0.0017058081314597854,0.0032483677773922403,0.5251277713477359,0.0017490728337090956,,gyro,,,,,static_dark,right,drift,0,0.12,30.0
A_dtw,0.001659429644086229,0.0032483677773922403,0.5108502970739366,0.0024023590367277183,,gyro,,,,,static_dark,right,drift,0,0.12,60.0
A_dtw,0.0032023920523230336,0.0032483677773922403,0.9858465148591902,0.0014680057531836356,,gyro,,,,,static_dark,right,drift,0,0.5,10.0
A_dtw,0.0017309013470810067,0.0032483677773922403,0.532852640371454,0.0018196716865702398,,gyro,,,,,static_dark,right,drift,0,0.5,30.0
A_dtw,0.001693898442740283,0.0032483677773922403,0.5214614104133642,0.0024694895869444666,,gyro,,,,,static_dark,right,drift,0,0.5,60.0
B,0.0010078197265226256,0.0031902719546910195,0.31590401722358297,0.0017434559370608194,,gyro,1e-06,1.0,0.0001,17.0,static_dark,right,drift,1,,
B,0.01001556813400237,0.029125762277456568,0.3438731676305156,0.01676289135976007,,accel,1e-06,1.0,0.0001,17.0,static_dark,right,drift,1,,
B,0.0010107135804641322,0.0031902719546910195,0.3168111041373652,0.0017484514143235783,,gyro,1e-06,1.0,0.001,16.0,static_dark,right,drift,1,,
B,0.003635322847354037,0.029125762277456568,0.1248146851135906,0.0050742611431216,12.760885941,accel,1e-06,1.0,0.001,16.0,static_dark,right,drift,1,,
B,0.0009996664999933557,0.0031902719546910195,0.31334836471336946,0.0017286155337796507,105.726977658,gyro,1e-06,1.0,0.01,17.0,static_dark,right,drift,1,,
B,0.008413850256192887,0.029125762277456568,0.288880001698882,0.006419095715783513,109.75489243999999,accel,1e-06,1.0,0.01,17.0,static_dark,right,drift,1,,
B,0.001011678351594489,0.0031902719546910195,0.3171135144472255,0.0017504271828148793,,gyro,1e-06,1.5,0.0001,15.0,static_dark,right,drift,1,,
B,0.010056288113114719,0.029125762277456568,0.34527124191006386,0.016822460249789905,,accel,1e-06,1.5,0.0001,15.0,static_dark,right,drift,1,,
B,0.0010159548286296414,0.0031902719546910195,0.31845398858105733,0.0017578030528524902,,gyro,1e-06,1.5,0.001,15.0,static_dark,right,drift,1,,
B,0.0036704568747119117,0.029125762277456568,0.12602097207779717,0.005187506055180055,13.95936846,accel,1e-06,1.5,0.001,15.0,static_dark,right,drift,1,,
B,0.0010059784542442284,0.0031902719546910195,0.3153268650859134,0.0017397088160293046,106.25947922,gyro,1e-06,1.5,0.01,15.0,static_dark,right,drift,1,,
B,0.008599577488659485,0.029125762277456568,0.29525673548862225,0.00917651486486447,98.203515692,accel,1e-06,1.5,0.01,15.0,static_dark,right,drift,1,,
B,0.0010102512335558517,0.0031902719546910195,0.316666180157577,0.0017480387622637317,,gyro,1e-06,2.5,0.0001,15.0,static_dark,right,drift,1,,
B,0.010089974882719059,0.029125762277456568,0.34642783892144624,0.016870784734654642,,accel,1e-06,2.5,0.0001,15.0,static_dark,right,drift,1,,
B,0.0010152674380272692,0.0031902719546910195,0.3182385240024463,0.0017566848157497849,,gyro,1e-06,2.5,0.001,15.0,static_dark,right,drift,1,,
B,0.004086186339069038,0.029125762277456568,0.14029457152548963,0.005902533692821225,15.657034888,accel,1e-06,2.5,0.001,15.0,static_dark,right,drift,1,,
B,0.0010134699407013065,0.0031902719546910195,0.3176750932506197,0.0017525942663351676,109.055796406,gyro,1e-06,2.5,0.01,15.0,static_dark,right,drift,1,,
B,0.010968769365364258,0.029125762277456568,0.37660025035135714,0.014136992182754745,103.596303799,accel,1e-06,2.5,0.01,15.0,static_dark,right,drift,1,,
B,0.0010022649827816212,0.0031902719546910195,0.3141628666822203,0.0017337737927974532,106.093010936,gyro,3e-06,1.0,0.0001,17.0,static_dark,right,drift,1,,
B,0.010014882766343056,0.029125762277456568,0.34384963630959137,0.016761786056757426,,accel,3e-06,1.0,0.0001,17.0,static_dark,right,drift,1,,
B,0.001005295728377473,0.0031902719546910195,0.315112862682215,0.0017389974265453185,,gyro,3e-06,1.0,0.001,16.0,static_dark,right,drift,1,,
B,0.0036345165362047845,0.029125762277456568,0.1247870013351689,0.005073463079517839,12.760885941,accel,3e-06,1.0,0.001,16.0,static_dark,right,drift,1,,
B,0.0009948481183340936,0.0031902719546910195,0.3118380290029053,0.0017201836015688031,95.007754226,gyro,3e-06,1.0,0.01,17.0,static_dark,right,drift,1,,
B,0.008397606609043446,0.029125762277456568,0.2883222945049998,0.006387060397750626,109.987944837,accel,3e-06,1.0,0.01,17.0,static_dark,right,drift,1,,
B,0.0010063826362088758,0.0031902719546910195,0.3154535570953683,0.0017411970865726636,106.891965413,gyro,3e-06,1.5,0.0001,15.0,static_dark,right,drift,1,,
B,0.010055556375833028,0.029125762277456568,0.345246118540769,0.01682129600287674,,accel,3e-06,1.5,0.0001,15.0,static_dark,right,drift,1,,
B,0.0010107987742313577,0.0031902719546910195,0.3168378083708711,0.001748809487187874,,gyro,3e-06,1.5,0.001,15.0,static_dark,right,drift,1,,
B,0.0036694557624572764,0.029125762277456568,0.1259866000244549,0.005186923511736323,13.95936846,accel,3e-06,1.5,0.001,15.0,static_dark,right,drift,1,,
B,0.0010014775913216728,0.0031902719546910195,0.3139160565446737,0.0017318351753924837,105.67137862199999,gyro,3e-06,1.5,0.01,15.0,static_dark,right,drift,1,,
B,0.008568985487432854,0.029125762277456568,0.2942063938379829,0.009128787144690943,98.181291244,accel,3e-06,1.5,0.01,15.0,static_dark,right,drift,1,,
B,0.001005217424924625,0.0031902719546910195,0.31508831823774136,0.00173926319275749,106.059773889,gyro,3e-06,2.5,0.0001,15.0,static_dark,right,drift,1,,
B,0.010089122834331006,0.029125762277456568,0.34639858480682645,0.01686943933992184,,accel,3e-06,2.5,0.0001,15.0,static_dark,right,drift,1,,
B,0.0010103689611044775,0.0031902719546910195,0.31670308219925175,0.0017481410665080434,,gyro,3e-06,2.5,0.001,15.0,static_dark,right,drift,1,,
B,0.004085161192417906,0.029125762277456568,0.14025937427841445,0.005902786931199875,15.657034888,accel,3e-06,2.5,0.001,15.0,static_dark,right,drift,1,,
B,0.0010092851706471162,0.0031902719546910195,0.31636336493603606,0.00174527358463769,106.104115436,gyro,3e-06,2.5,0.01,15.0,static_dark,right,drift,1,,
B,0.010920439370738009,0.029125762277456568,0.37494089482390863,0.014070148366207787,103.574109231,accel,3e-06,2.5,0.01,15.0,static_dark,right,drift,1,,
B,0.0009449356526692149,0.0031902719546910195,0.29619282183130774,0.0016334511878000836,87.81726453899999,gyro,1e-05,1.0,0.0001,17.0,static_dark,right,drift,1,,
B,0.010007907274128456,0.029125762277456568,0.34361014069920526,0.016750473436461896,,accel,1e-05,1.0,0.0001,17.0,static_dark,right,drift,1,,
B,0.0009493257918127911,0.0031902719546910195,0.2975689236827881,0.0016409336241880415,87.79502622,gyro,1e-05,1.0,0.001,16.0,static_dark,right,drift,1,,
B,0.0036278369116596793,0.029125762277456568,0.12455766400550611,0.005067705441219074,12.749795141,accel,1e-05,1.0,0.001,16.0,static_dark,right,drift,1,,
B,0.0009447408070678189,0.0031902719546910195,0.29613174691225275,0.0016321271073250067,87.828315439,gyro,1e-05,1.0,0.01,17.0,static_dark,right,drift,1,,
B,0.008233702771345087,0.029125762277456568,0.28269484221252467,0.006056927093639378,109.999040237,accel,1e-05,1.0,0.01,17.0,static_dark,right,drift,1,,
B,0.0009515854641670657,0.0031902719546910195,0.298277224538128,0.0016453328394107206,88.08354946,gyro,1e-05,1.5,0.0001,15.0,static_dark,right,drift,1,,
B,0.010048024282139315,0.029125762277456568,0.34498751265015015,0.01680920192613087,,accel,1e-05,1.5,0.0001,15.0,static_dark,right,drift,1,,
B,0.0009573865237801182,0.0031902719546910195,0.30009558350421,0.0016552942696660047,87.850458041,gyro,1e-05,1.5,0.001,15.0,static_dark,right,drift,1,,
B,0.003661277387426148,0.029125762277456568,0.1257058047974246,0.005183907463798348,13.95936846,accel,1e-05,1.5,0.001,15.0,static_dark,right,drift,1,,
B,0.0009545113727286242,0.0031902719546910195,0.2991943590655642,0.0016493618914098708,88.08354946,gyro,1e-05,1.5,0.01,15.0,static_dark,right,drift,1,,
B,0.008253434272110134,0.029125762277456568,0.2833723009027756,0.008629518608764625,98.070275087,accel,1e-05,1.5,0.01,15.0,static_dark,right,drift,1,,
B,0.0009530073044103003,0.0031902719546910195,0.2987229044874953,0.0016479193005723355,88.926904498,gyro,1e-05,2.5,0.0001,15.0,static_dark,right,drift,1,,
B,0.010080237291557803,0.029125762277456568,0.346093509777766,0.01685523931464119,,accel,1e-05,2.5,0.0001,15.0,static_dark,right,drift,1,,
B,0.0009594985303688559,0.0031902719546910195,0.3007575980969259,0.001659102883806174,88.627246899,gyro,1e-05,2.5,0.001,15.0,static_dark,right,drift,1,,
B,0.004077153486565657,0.029125762277456568,0.13998443878398975,0.005908770531327063,15.657034888,accel,1e-05,2.5,0.001,15.0,static_dark,right,drift,1,,
B,0.0009654730914130016,0.0031902719546910195,0.30263034158995655,0.0016683655551736774,90.91313527999999,gyro,1e-05,2.5,0.01,15.0,static_dark,right,drift,1,,
B,0.01041324279986382,0.029125762277456568,0.3575268760578913,0.013364474600004622,100.234072679,accel,1e-05,2.5,0.01,15.0,static_dark,right,drift,1,,
B,0.0006681009383248769,0.0031902719546910195,0.20941817745113928,0.001142994433363861,46.07244802899999,gyro,3e-05,1.0,0.0001,17.0,static_dark,right,drift,1,,
B,0.009977590524709565,0.029125762277456568,0.3425692495070679,0.016699207758538816,,accel,3e-05,1.0,0.0001,17.0,static_dark,right,drift,1,,
B,0.0006781555353901576,0.0031902719546910195,0.2125698200722319,0.001159201443627784,46.07244802899999,gyro,3e-05,1.0,0.001,16.0,static_dark,right,drift,1,,
B,0.003640451014906663,0.029125762277456568,0.12499075492779063,0.005103131353462597,12.716551274,accel,3e-05,1.0,0.001,16.0,static_dark,right,drift,1,,
B,0.0006942428350790406,0.0031902719546910195,0.21761243083311954,0.0011846768555133383,47.980952007,gyro,3e-05,1.0,0.01,17.0,static_dark,right,drift,1,,
B,0.007584076838772261,0.029125762277456568,0.26039067292128387,0.004561582530464274,,accel,3e-05,1.0,0.01,17.0,static_dark,right,drift,1,,
B,0.0006825620787702526,0.0031902719546910195,0.21395106387924204,0.0011694705421169285,47.969857706999996,gyro,3e-05,1.5,0.0001,15.0,static_dark,right,drift,1,,
B,0.010013313342352063,0.029125762277456568,0.343795751917621,0.016750098180938987,,accel,3e-05,1.5,0.0001,15.0,static_dark,right,drift,1,,
B,0.0006939707653139769,0.0031902719546910195,0.21752714977591575,0.001188572389746551,47.936608355,gyro,3e-05,1.5,0.001,15.0,static_dark,right,drift,1,,
B,0.003681398572267381,0.029125762277456568,0.126396642848273,0.005249035975615023,13.92598415,accel,3e-05,1.5,0.001,15.0,static_dark,right,drift,1,,
B,0.0007145050525653263,0.0031902719546910195,0.22396368169011682,0.0012220444761382903,48.73551526,gyro,3e-05,1.5,0.01,15.0,static_dark,right,drift,1,,
B,0.006803163769774183,0.029125762277456568,0.23357890876695966,0.006091745469605862,96.672161713,accel,3e-05,1.5,0.01,15.0,static_dark,right,drift,1,,
B,0.0006926401725628669,0.0031902719546910195,0.21711007161768742,0.0011878025868999357,48.73551526,gyro,3e-05,2.5,0.0001,15.0,static_dark,right,drift,1,,
B,0.010036146140389982,0.029125762277456568,0.34457969013082246,0.016779707570274346,,accel,3e-05,2.5,0.0001,15.0,static_dark,right,drift,1,,
B,0.0007044288828952905,0.0031902719546910195,0.22080527707347603,0.0012079749155228894,48.73551526,gyro,3e-05,2.5,0.001,15.0,static_dark,right,drift,1,,
B,0.004110651039421797,0.029125762277456568,0.1411345392530191,0.0060299087732951315,15.657034888,accel,3e-05,2.5,0.001,15.0,static_dark,right,drift,1,,
B,0.0007367076496348719,0.0031902719546910195,0.23092315015702874,0.0012620331689882764,60.065099567999994,gyro,3e-05,2.5,0.01,15.0,static_dark,right,drift,1,,
B,0.007769322092295952,0.029125762277456568,0.2667508585109009,0.009535272409298124,97.648574721,accel,3e-05,2.5,0.01,15.0,static_dark,right,drift,1,,
B,0.00029486383470748946,0.0031902719546910195,0.09242592446512832,0.00047255724118632495,12.494604618,gyro,0.0001,1.0,0.0001,17.0,static_dark,right,drift,1,,
B,0.00994643585200416,0.029125762277456568,0.34149958916964496,0.016640006610661548,,accel,0.0001,1.0,0.0001,17.0,static_dark,right,drift,1,,
B,0.00031658719845871887,0.0031902719546910195,0.09923517585803453,0.0004997387418408856,12.428089894,gyro,0.0001,1.0,0.001,16.0,static_dark,right,drift,1,,
B,0.0037854432332796316,0.029125762277456568,0.12996889822895988,0.005312214143078332,12.69431097,accel,0.0001,1.0,0.001,16.0,static_dark,right,drift,1,,
B,0.0003394788955694605,0.0031902719546910195,0.10641064473211635,0.000526253587067501,27.663365941,gyro,0.0001,1.0,0.01,17.0,static_dark,right,drift,1,,
B,0.007375737009658878,0.029125762277456568,0.2532375612832534,0.003639565842378115,,accel,0.0001,1.0,0.01,17.0,static_dark,right,drift,1,,
B,0.00029847674863082535,0.0031902719546910195,0.09355840281639345,0.0004909878247814392,14.225650275,gyro,0.0001,1.5,0.0001,15.0,static_dark,right,drift,1,,
B,0.009975726227417214,0.029125762277456568,0.342505240974876,0.016675462994237923,,accel,0.0001,1.5,0.0001,15.0,static_dark,right,drift,1,,
B,0.00031833276094754304,0.0031902719546910195,0.09978232748448364,0.000518639777273216,14.647308837,gyro,0.0001,1.5,0.001,15.0,static_dark,right,drift,1,,
B,0.0038874072106069428,0.029125762277456568,0.13346971569618998,0.005565909465135231,12.927288248,accel,0.0001,1.5,0.001,15.0,static_dark,right,drift,1,,
B,0.000344818981516144,0.0031902719546910195,0.10808451016507149,0.000552445230679847,32.201894388999996,gyro,0.0001,1.5,0.01,15.0,static_dark,right,drift,1,,
B,0.005701076841809784,0.029125762277456568,0.19574000458770602,0.003222242396098285,95.71784849,accel,0.0001,1.5,0.01,15.0,static_dark,right,drift,1,,
B,0.00029905549864492846,0.0031902719546910195,0.0937398136874172,0.0005005795197554052,28.129465467,gyro,0.0001,2.5,0.0001,15.0,static_dark,right,drift,1,,
B,0.009977380603176076,0.029125762277456568,0.34256204208940483,0.01666277687178566,,accel,0.0001,2.5,0.0001,15.0,static_dark,right,drift,1,,
B,0.0003165004185486379,0.0031902719546910195,0.09920797444344874,0.0005270897786049909,38.826435982999996,gyro,0.0001,2.5,0.001,15.0,static_dark,right,drift,1,,
B,0.004384820644302784,0.029125762277456568,0.15054784154770945,0.006486940222288316,14.625090581,accel,0.0001,2.5,0.001,15.0,static_dark,right,drift,1,,
B,0.00035211583556393305,0.0031902719546910195,0.11037173023640731,0.0005795295440977772,39.092825123,gyro,0.0001,2.5,0.01,15.0,static_dark,right,drift,1,,
B,0.0042671120968141695,0.029125762277456568,0.14650645212870284,0.0033771932076874754,48.77988860599999,accel,0.0001,2.5,0.01,15.0,static_dark,right,drift,1,,
A_dtw,0.005240848578606306,0.0031902719546910195,1.642759192018126,0.0017889985333966606,,gyro,,,,,static_dark,right,drift,1,0.02,10.0
A_dtw,0.003033069503994994,0.0031902719546910195,0.9507244357444596,0.0033653630930189802,,gyro,,,,,static_dark,right,drift,1,0.02,30.0
A_dtw,0.0028848876024458554,0.0031902719546910195,0.9042763887899516,0.004107429949403788,,gyro,,,,,static_dark,right,drift,1,0.02,60.0
A_dtw,0.002754119067366433,0.0031902719546910195,0.8632866120760453,0.0012013803547874832,,gyro,,,,,static_dark,right,drift,1,0.05,10.0
A_dtw,0.001416504617348304,0.0031902719546910195,0.44400748195320977,0.0009596393048293178,,gyro,,,,,static_dark,right,drift,1,0.05,30.0
A_dtw,0.001226966675202007,0.0031902719546910195,0.3845962640889779,0.0014857936270891402,107.069503875,gyro,,,,,static_dark,right,drift,1,0.05,60.0
A_dtw,0.002754119067366433,0.0031902719546910195,0.8632866120760453,0.0012013803547874832,,gyro,,,,,static_dark,right,drift,1,0.12,10.0
A_dtw,0.001416504617348304,0.0031902719546910195,0.44400748195320977,0.0009596393048293178,,gyro,,,,,static_dark,right,drift,1,0.12,30.0
A_dtw,0.001226966675202007,0.0031902719546910195,0.3845962640889779,0.0014857936270891402,107.069503875,gyro,,,,,static_dark,right,drift,1,0.12,60.0
A_dtw,0.002726576523720202,0.0031902719546910195,0.8546533218621085,0.0008815670379960285,,gyro,,,,,static_dark,right,drift,1,0.5,10.0
A_dtw,0.0015349033156613467,0.0031902719546910195,0.4811198974446062,0.0013572229750277102,,gyro,,,,,static_dark,right,drift,1,0.5,30.0
A_dtw,0.001434508355426534,0.0031902719546910195,0.4496508058873205,0.00193628933213882,107.13611480899999,gyro,,,,,static_dark,right,drift,1,0.5,60.0
B,0.00011954751689946844,0.00011426996871997075,1.0461849096365015,0.00017088059991815353,,gyro,1e-06,1.0,0.0001,350.0,static_dark,right,factory+corr_vision,0,,
B,0.0073674266336599134,0.013238016042854706,0.556535557126517,0.009916664397264276,,accel,1e-06,1.0,0.0001,350.0,static_dark,right,factory+corr_vision,0,,
B,0.0001194003379667049,0.00011426996871997075,1.0448969165232433,0.00016892795974899285,,gyro,1e-06,1.0,0.001,346.0,static_dark,right,factory+corr_vision,0,,
B,0.005574215210368589,0.013238016042854706,0.4210763298913891,0.005429724980861229,,accel,1e-06,1.0,0.001,346.0,static_dark,right,factory+corr_vision,0,,
B,0.00014664314140675085,0.00011426996871997075,1.2833042928900558,0.0002170280538059987,,gyro,1e-06,1.0,0.01,198.0,static_dark,right,factory+corr_vision,0,,
B,0.01554397027216174,0.013238016042854706,1.1741918291866467,0.00790647834675624,,accel,1e-06,1.0,0.01,198.0,static_dark,right,factory+corr_vision,0,,
B,8.899691741801211e-05,0.00011426996871997075,0.7788303297440063,0.0001190702226660232,,gyro,1e-06,1.5,0.0001,28.0,static_dark,right,factory+corr_vision,0,,
B,0.007288167404934793,0.013238016042854706,0.5505483133833051,0.00983162766486834,,accel,1e-06,1.5,0.0001,28.0,static_dark,right,factory+corr_vision,0,,
B,9.095678895186799e-05,0.00011426996871997075,0.795981568654894,0.00012298544994882537,,gyro,1e-06,1.5,0.001,28.0,static_dark,right,factory+corr_vision,0,,
B,0.005022823354634048,0.013238016042854706,0.37942417794131206,0.005232634359289836,,accel,1e-06,1.5,0.001,28.0,static_dark,right,factory+corr_vision,0,,
B,0.00013072691157123024,0.00011426996871997075,1.144018091853939,0.0001924269915821844,,gyro,1e-06,1.5,0.01,28.0,static_dark,right,factory+corr_vision,0,,
B,0.012317451261230785,0.013238016042854706,0.9304605177510115,0.006381635911618739,,accel,1e-06,1.5,0.01,28.0,static_dark,right,factory+corr_vision,0,,
B,7.867089950349121e-05,0.00011426996871997075,0.6884652230568262,0.00010879452576885894,,gyro,1e-06,2.5,0.0001,26.0,static_dark,right,factory+corr_vision,0,,
B,0.007411218288720238,0.013238016042854706,0.5598435796367299,0.010002824146554783,,accel,1e-06,2.5,0.0001,26.0,static_dark,right,factory+corr_vision,0,,
B,8.146889279123798e-05,0.00011426996871997075,0.712951037825915,0.00011356518741802565,,gyro,1e-06,2.5,0.001,26.0,static_dark,right,factory+corr_vision,0,,
B,0.004837411261775052,0.013238016042854706,0.3654181446914073,0.005568054387662996,,accel,1e-06,2.5,0.001,26.0,static_dark,right,factory+corr_vision,0,,
B,0.00010806822682096302,0.00011426996871997075,0.945727281030367,0.0001567069678228764,,gyro,1e-06,2.5,0.01,26.0,static_dark,right,factory+corr_vision,0,,
B,0.008634324916414315,0.013238016042854706,0.6522370790655402,0.005632118649420719,,accel,1e-06,2.5,0.01,26.0,static_dark,right,factory+corr_vision,0,,
B,0.00011997901457379967,0.00011426996871997075,1.0499610345376,0.0001708043918497693,,gyro,3e-06,1.0,0.0001,350.0,static_dark,right,factory+corr_vision,0,,
B,0.007367457569608833,0.013238016042854706,0.556537894028725,0.009916699548212348,,accel,3e-06,1.0,0.0001,350.0,static_dark,right,factory+corr_vision,0,,
B,0.00011974030333446504,0.00011426996871997075,1.047872023382625,0.0001687163538723667,,gyro,3e-06,1.0,0.001,346.0,static_dark,right,factory+corr_vision,0,,
B,0.00557463666565862,0.013238016042854706,0.4211081666325342,0.005430299580610057,,accel,3e-06,1.0,0.001,346.0,static_dark,right,factory+corr_vision,0,,
B,0.00014689236010027016,0.00011426996871997075,1.2854852569378368,0.0002165793042367213,,gyro,3e-06,1.0,0.01,198.0,static_dark,right,factory+corr_vision,0,,
B,0.015545560182136911,0.013238016042854706,1.1743119310183732,0.007906620455213145,,accel,3e-06,1.0,0.01,198.0,static_dark,right,factory+corr_vision,0,,
B,8.91582524500972e-05,0.00011426996871997075,0.7802422057941387,0.00011853645279005963,,gyro,3e-06,1.5,0.0001,28.0,static_dark,right,factory+corr_vision,0,,
B,0.007288140583984725,0.013238016042854706,0.5505462873281938,0.009831646480879737,,accel,3e-06,1.5,0.0001,28.0,static_dark,right,factory+corr_vision,0,,
B,9.107565233038804e-05,0.00011426996871997075,0.7970217665288545,0.00012246477236983503,,gyro,3e-06,1.5,0.001,28.0,static_dark,right,factory+corr_vision,0,,
B,0.005023203565332236,0.013238016042854706,0.379452899065154,0.005233315293660306,,accel,3e-06,1.5,0.001,28.0,static_dark,right,factory+corr_vision,0,,
B,0.00013059645988791,0.00011426996871997075,1.1428764823411202,0.000191508893026218,,gyro,3e-06,1.5,0.01,28.0,static_dark,right,factory+corr_vision,0,,
B,0.012318998119086691,0.013238016042854706,0.9305773674247766,0.006382924920222441,,accel,3e-06,1.5,0.01,28.0,static_dark,right,factory+corr_vision,0,,
B,7.870628169542922e-05,0.00011426996871997075,0.6887748598960968,0.00010837808063567552,,gyro,3e-06,2.5,0.0001,26.0,static_dark,right,factory+corr_vision,0,,
B,0.007411136957791988,0.013238016042854706,0.5598374358967627,0.010002738900308972,,accel,3e-06,2.5,0.0001,26.0,static_dark,right,factory+corr_vision,0,,
B,8.149307127799014e-05,0.00011426996871997075,0.713162628736659,0.00011318519334025806,,gyro,3e-06,2.5,0.001,26.0,static_dark,right,factory+corr_vision,0,,
B,0.004837617623067862,0.013238016042854706,0.3654337332276458,0.005568393903930366,,accel,3e-06,2.5,0.001,26.0,static_dark,right,factory+corr_vision,0,,
B,0.00010798661422779161,0.00011426996871997075,0.945013072440957,0.0001561070005428395,,gyro,3e-06,2.5,0.01,26.0,static_dark,right,factory+corr_vision,0,,
B,0.008635608194598202,0.013238016042854706,0.6523340179255426,0.005633457723296509,,accel,3e-06,2.5,0.01,26.0,static_dark,right,factory+corr_vision,0,,
B,0.00012530301895555707,0.00011426996871997075,1.096552491955466,0.00017062658119832198,,gyro,1e-05,1.0,0.0001,350.0,static_dark,right,factory+corr_vision,0,,
B,0.007367764827671026,0.013238016042854706,0.5565611043089662,0.009917026522749263,,accel,1e-05,1.0,0.0001,350.0,static_dark,right,factory+corr_vision,0,,
B,0.00012398526801380157,0.00011426996871997075,1.0850205824212578,0.0001668897997640489,,gyro,1e-05,1.0,0.001,346.0,static_dark,right,factory+corr_vision,0,,
B,0.0055791891469523834,0.013238016042854706,0.421452061161671,0.0054365241358080955,,accel,1e-05,1.0,0.001,346.0,static_dark,right,factory+corr_vision,0,,
B,0.00015023988713074209,0.00011426996871997075,1.3147801545209046,0.0002121825774195808,,gyro,1e-05,1.0,0.01,198.0,static_dark,right,factory+corr_vision,0,,
B,0.015562753251784257,0.013238016042854706,1.175610695847762,0.00790845963625291,,accel,1e-05,1.0,0.01,198.0,static_dark,right,factory+corr_vision,0,,
B,9.16306841194231e-05,0.00011426996871997075,0.8018789638769629,0.00011364054886033904,,gyro,1e-05,1.5,0.0001,28.0,static_dark,right,factory+corr_vision,0,,
B,0.0072878547302578185,0.013238016042854706,0.5505246939318735,0.009831843270428114,,accel,1e-05,1.5,0.0001,28.0,static_dark,right,factory+corr_vision,0,,
B,9.292836724556656e-05,0.00011426996871997075,0.8132352558290815,0.00011743013782453109,,gyro,1e-05,1.5,0.001,28.0,static_dark,right,factory+corr_vision,0,,
B,0.0050272625416,0.013238016042854706,0.3797595142146314,0.005240612648715724,,accel,1e-05,1.5,0.001,28.0,static_dark,right,factory+corr_vision,0,,
B,0.00012967067207610549,0.00011426996871997075,1.134774722778437,0.00018187073464319788,,gyro,1e-05,1.5,0.01,28.0,static_dark,right,factory+corr_vision,0,,
B,0.01233566239386664,0.013238016042854706,0.9318361870791722,0.006397075816147636,,accel,1e-05,1.5,0.01,28.0,static_dark,right,factory+corr_vision,0,,
B,7.94786824678284e-05,0.00011426996871997075,0.6955342979273789,0.00010432959548812567,,gyro,1e-05,2.5,0.0001,26.0,static_dark,right,factory+corr_vision,0,,
B,0.00741027531287124,0.013238016042854706,0.5597723472219976,0.010001832518765406,,accel,1e-05,2.5,0.0001,26.0,static_dark,right,factory+corr_vision,0,,
B,8.205762634788e-05,0.00011426996871997075,0.7181031662743331,0.00010940585762142251,,gyro,1e-05,2.5,0.001,26.0,static_dark,right,factory+corr_vision,0,,
B,0.00483980566827176,0.013238016042854706,0.3655990182066649,0.00557202368143366,,accel,1e-05,2.5,0.001,26.0,static_dark,right,factory+corr_vision,0,,
B,0.00010736605196837976,0.00011426996871997075,0.9395824044678818,0.0001497799605581763,,gyro,1e-05,2.5,0.01,26.0,static_dark,right,factory+corr_vision,0,,
B,0.008649408021617748,0.013238016042854706,0.6533764571381008,0.005648225427626857,,accel,1e-05,2.5,0.01,26.0,static_dark,right,factory+corr_vision,0,,
B,0.0001776374996414874,0.00011426996871997075,1.5545422969074643,0.00019427622927834396,,gyro,3e-05,1.0,0.0001,350.0,static_dark,right,factory+corr_vision,0,,
B,0.007368417454683812,0.013238016042854706,0.5566104037667303,0.009916576690515395,,accel,3e-05,1.0,0.0001,350.0,static_dark,right,factory+corr_vision,0,,
B,0.00016955572863367946,0.00011426996871997075,1.4838170565110738,0.00017661856905590073,,gyro,3e-05,1.0,0.001,347.0,static_dark,right,factory+corr_vision,0,,
B,0.005580479565683232,0.013238016042854706,0.42154953941873546,0.005450963214172243,,accel,3e-05,1.0,0.001,347.0,static_dark,right,factory+corr_vision,0,,
B,0.00019247475387333001,0.00011426996871997075,1.6843861605056303,0.00020337125837510637,,gyro,3e-05,1.0,0.01,197.0,static_dark,right,factory+corr_vision,0,,
B,0.01575870633627011,0.013238016042854706,1.1904129958186567,0.007968576616117542,,accel,3e-05,1.0,0.01,197.0,static_dark,right,factory+corr_vision,0,,
B,0.00012775875337459866,0.00011426996871997075,1.1180431289666617,0.00012188766953208218,,gyro,3e-05,1.5,0.0001,28.0,static_dark,right,factory+corr_vision,0,,
B,0.007286322450741953,0.013238016042854706,0.5504089455062102,0.009832813689934591,,accel,3e-05,1.5,0.0001,28.0,static_dark,right,factory+corr_vision,0,,
B,0.00012199185255761479,0.00011426996871997075,1.0675757937465375,0.00011407120415165198,,gyro,3e-05,1.5,0.001,28.0,static_dark,right,factory+corr_vision,0,,
B,0.0050503248340134956,0.013238016042854706,0.3815016402506505,0.005282763270232069,,accel,3e-05,1.5,0.001,28.0,static_dark,right,factory+corr_vision,0,,
B,0.00014323402794593878,0.00011426996871997075,1.2534704397876153,0.00013970432789694846,,gyro,3e-05,1.5,0.01,28.0,static_dark,right,factory+corr_vision,0,,
B,0.012440222270118626,0.013238016042854706,0.9397346422490027,0.006488637236146925,,accel,3e-05,1.5,0.01,28.0,static_dark,right,factory+corr_vision,0,,
B,9.725100608611721e-05,0.00011426996871997075,0.8510635574289857,0.00010131970032135219,,gyro,3e-05,2.5,0.0001,26.0,static_dark,right,factory+corr_vision,0,,
B,0.0074056332820949256,0.013238016042854706,0.5594216881231352,0.009996769100073235,,accel,3e-05,2.5,0.0001,26.0,static_dark,right,factory+corr_vision,0,,
B,9.604224481317504e-05,0.00011426996871997075,0.8404854389042107,0.00010181171991759916,,gyro,3e-05,2.5,0.001,26.0,static_dark,right,factory+corr_vision,0,,
B,0.0048518810052225365,0.013238016042854706,0.36651118940450045,0.005593000998542829,,accel,3e-05,2.5,0.001,26.0,static_dark,right,factory+corr_vision,0,,
B,0.00011432125157030931,0.00011426996871997075,1.0004487867714764,0.00012057908257434161,,gyro,3e-05,2.5,0.01,26.0,static_dark,right,factory+corr_vision,0,,
B,0.00873455039778396,0.013238016042854706,0.6598081139581699,0.005745448031195228,,accel,3e-05,2.5,0.01,26.0,static_dark,right,factory+corr_vision,0,,
B,0.0004329700469276732,0.00011426996871997075,3.7890099365364036,0.0003957573566748985,,gyro,0.0001,1.0,0.0001,349.0,static_dark,right,factory+corr_vision,0,,
B,0.007308112727549304,0.013238016042854706,0.5520549834575778,0.009780239032603246,,accel,0.0001,1.0,0.0001,349.0,static_dark,right,factory+corr_vision,0,,
B,0.00041571127338416327,0.00011426996871997075,3.637974859369242,0.0003421727323066948,,gyro,0.0001,1.0,0.001,347.0,static_dark,right,factory+corr_vision,0,,
B,0.005600480894456963,0.013238016042854706,0.42306044019940997,0.005414565172020857,,accel,0.0001,1.0,0.001,347.0,static_dark,right,factory+corr_vision,0,,
B,0.00047323082328259075,0.00011426996871997075,4.141340271495892,0.00033459723058439214,,gyro,0.0001,1.0,0.01,292.0,static_dark,right,factory+corr_vision,0,,
B,0.01657980896173845,0.013238016042854706,1.2524391047771464,0.009592985352014647,,accel,0.0001,1.0,0.01,292.0,static_dark,right,factory+corr_vision,0,,
B,0.00030879280355183527,0.00011426996871997075,2.7023093382353234,0.0002974750274428775,,gyro,0.0001,1.5,0.0001,28.0,static_dark,right,factory+corr_vision,0,,
B,0.007284600578789672,0.013238016042854706,0.5502788752640602,0.009834207409360179,,accel,0.0001,1.5,0.0001,28.0,static_dark,right,factory+corr_vision,0,,
B,0.0002883863898428728,0.00011426996871997075,2.523728614554806,0.0002501047575574601,,gyro,0.0001,1.5,0.001,28.0,static_dark,right,factory+corr_vision,0,,
B,0.00510364314047861,0.013238016042854706,0.3855293062009341,0.0053781954311510555,,accel,0.0001,1.5,0.001,28.0,static_dark,right,factory+corr_vision,0,,
B,0.00031110358121675937,0.00011426996871997075,2.722531428875664,0.00022601394813206985,,gyro,0.0001,1.5,0.01,28.0,static_dark,right,factory+corr_vision,0,,
B,0.012850859495207133,0.013238016042854706,0.9707541865492343,0.006716410534126379,,accel,0.0001,1.5,0.01,28.0,static_dark,right,factory+corr_vision,0,,
B,0.00020491783934954998,0.00011426996871997075,1.7932781608763744,0.0002149600195629042,,gyro,0.0001,2.5,0.0001,26.0,static_dark,right,factory+corr_vision,0,,
B,0.007399951705686965,0.013238016042854706,0.5589925017262032,0.009989868356231982,,accel,0.0001,2.5,0.0001,26.0,static_dark,right,factory+corr_vision,0,,
B,0.00019288667038474923,0.00011426996871997075,1.687990926622515,0.00018734283510509321,,gyro,0.0001,2.5,0.001,26.0,static_dark,right,factory+corr_vision,0,,
B,0.004880721957078703,0.013238016042854706,0.36868983549185985,0.00564667125023941,,accel,0.0001,2.5,0.001,26.0,static_dark,right,factory+corr_vision,0,,
B,0.00021308473654541181,0.00011426996871997075,1.8647483580536885,0.0001723367902256462,,gyro,0.0001,2.5,0.01,26.0,static_dark,right,factory+corr_vision,0,,
B,0.009026458813403204,0.013238016042854706,0.6818588815863602,0.005959978696500596,,accel,0.0001,2.5,0.01,26.0,static_dark,right,factory+corr_vision,0,,
A_dtw,0.0089585795655351,0.00011426996871997075,78.39837243229616,0.010563721394975151,,gyro,,,,,static_dark,right,factory+corr_vision,0,0.02,10.0
A_dtw,0.0062210752775535795,0.00011426996871997075,54.44190934189285,0.008473991475233355,,gyro,,,,,static_dark,right,factory+corr_vision,0,0.02,30.0
A_dtw,0.005671578076682806,0.00011426996871997075,49.633146313197464,0.008182052601071165,,gyro,,,,,static_dark,right,factory+corr_vision,0,0.02,60.0
A_dtw,0.004337651597158466,0.00011426996871997075,37.9596813208927,0.003839803775676643,,gyro,,,,,static_dark,right,factory+corr_vision,0,0.05,10.0
A_dtw,0.002466169256872892,0.00011426996871997075,21.581954423357466,0.0032552035659095496,,gyro,,,,,static_dark,right,factory+corr_vision,0,0.05,30.0
A_dtw,0.0019806478910112694,0.00011426996871997075,17.33305708576006,0.0029548772393569174,,gyro,,,,,static_dark,right,factory+corr_vision,0,0.05,60.0
A_dtw,0.0041273530029300575,0.00011426996871997075,36.11931506732554,0.0026503182288353604,,gyro,,,,,static_dark,right,factory+corr_vision,0,0.12,10.0
A_dtw,0.0021106886971892108,0.00011426996871997075,18.47107092819506,0.002348543197482979,,gyro,,,,,static_dark,right,factory+corr_vision,0,0.12,30.0
A_dtw,0.0016070553012425095,0.00011426996871997075,14.06367148993231,0.002164353023006713,,gyro,,,,,static_dark,right,factory+corr_vision,0,0.12,60.0
A_dtw,0.004012192329615189,0.00011426996871997075,35.11152032821013,0.0026204073040558273,,gyro,,,,,static_dark,right,factory+corr_vision,0,0.5,10.0
A_dtw,0.002040767207259692,0.00011426996871997075,17.85917358795103,0.002361376400116405,,gyro,,,,,static_dark,right,factory+corr_vision,0,0.5,30.0
A_dtw,0.001569280215752206,0.00011426996871997075,13.733093947000842,0.0021584307683143794,,gyro,,,,,static_dark,right,factory+corr_vision,0,0.5,60.0
B,0.013890045213982488,0.00011256857188612766,123.39185779165261,0.024058231124699254,,gyro,1e-06,1.0,0.0001,2087.0,static_dark,right,factory+corr_vision,1,,
B,0.04728804214063127,0.007111013146591011,6.649972537781196,0.08175206897958315,,accel,1e-06,1.0,0.0001,2087.0,static_dark,right,factory+corr_vision,1,,
B,0.013890046971880968,0.00011256857188612766,123.39187340789834,0.024058234169472892,,gyro,1e-06,1.0,0.001,2087.0,static_dark,right,factory+corr_vision,1,,
B,0.047290277406002286,0.007111013146591011,6.650286876304404,0.08175594782870602,,accel,1e-06,1.0,0.001,2087.0,static_dark,right,factory+corr_vision,1,,
B,0.013890222576194556,0.00011256857188612766,123.39343338428114,0.024058538325482014,,gyro,1e-06,1.0,0.01,2087.0,static_dark,right,factory+corr_vision,1,,
B,0.04751384293701378,0.007111013146591011,6.681726212219381,0.08214389694852438,,accel,1e-06,1.0,0.01,2087.0,static_dark,right,factory+corr_vision,1,,
B,0.00013083386921759776,0.00011256857188612766,1.162259296937221,0.00021739700266538344,,gyro,1e-06,1.5,0.0001,23.0,static_dark,right,factory+corr_vision,1,,
B,0.00481136674144767,0.007111013146591011,0.6766077691410567,0.006786471467728797,,accel,1e-06,1.5,0.0001,23.0,static_dark,right,factory+corr_vision,1,,
B,0.00013451273850438155,0.00011256857188612766,1.1949404371981571,0.00022337474442284683,,gyro,1e-06,1.5,0.001,23.0,static_dark,right,factory+corr_vision,1,,
B,0.004468955086029977,0.007111013146591011,0.6284554667392753,0.004195900397966484,,accel,1e-06,1.5,0.001,23.0,static_dark,right,factory+corr_vision,1,,
B,0.00017102413660613386,0.00011256857188612766,1.5192884989172537,0.00028362298148587063,,gyro,1e-06,1.5,0.01,89.0,static_dark,right,factory+corr_vision,1,,
B,0.017460976264012513,0.007111013146591011,2.455483614509028,0.006399958033906449,,accel,1e-06,1.5,0.01,89.0,static_dark,right,factory+corr_vision,1,,
B,0.00010865909394035673,0.00011256857188612766,0.9652702536750162,0.00017730608231408799,,gyro,1e-06,2.5,0.0001,23.0,static_dark,right,factory+corr_vision,1,,
B,0.004439185876609238,0.007111013146591011,0.6242691139921974,0.00604664615813377,,accel,1e-06,2.5,0.0001,23.0,static_dark,right,factory+corr_vision,1,,
B,0.00011167510126181781,0.00011256857188612766,0.9920628767928791,0.00018213300413904364,,gyro,1e-06,2.5,0.001,23.0,static_dark,right,factory+corr_vision,1,,
B,0.0034626701480797014,0.007111013146591011,0.4869446978507824,0.0036552144991831956,,accel,1e-06,2.5,0.001,23.0,static_dark,right,factory+corr_vision,1,,
B,0.00012084817439464526,0.00011256857188612766,1.073551634970488,0.000197191423116247,,gyro,1e-06,2.5,0.01,23.0,static_dark,right,factory+corr_vision,1,,
B,0.010852319675281502,0.007111013146591011,1.5261284786801521,0.00479853936445276,,accel,1e-06,2.5,0.01,23.0,static_dark,right,factory+corr_vision,1,,
B,0.013890045669559151,0.00011256857188612766,123.39186183875613,0.024058231913782258,,gyro,3e-06,1.0,0.0001,2087.0,static_dark,right,factory+corr_vision,1,,
B,0.047288042639984554,0.007111013146591011,6.6499726080037185,0.08175206984610953,,accel,3e-06,1.0,0.0001,2087.0,static_dark,right,factory+corr_vision,1,,
B,0.013890047427456656,0.00011256857188612766,123.39187745499319,0.0240582349585542,,gyro,3e-06,1.0,0.001,2087.0,static_dark,right,factory+corr_vision,1,,
B,0.04729027790504391,0.007111013146591011,6.650286946483099,0.08175594869469134,,accel,3e-06,1.0,0.001,2087.0,static_dark,right,factory+corr_vision,1,,
B,0.013890223031754911,0.00011256857188612766,123.39343743123979,0.024058539114536825,,gyro,3e-06,1.0,0.01,2087.0,static_dark,right,factory+corr_vision,1,,
B,0.04751384343424063,0.007111013146591011,6.68172628214287,0.08214389781134533,,accel,3e-06,1.0,0.01,2087.0,static_dark,right,factory+corr_vision,1,,
B,0.00013078230092871765,0.00011256857188612766,1.1618011913752861,0.00021697779028529584,,gyro,3e-06,1.5,0.0001,23.0,static_dark,right,factory+corr_vision,1,,
B,0.004811562066177181,0.007111013146591011,0.6766352370595494,0.006786788625897009,,accel,3e-06,1.5,0.0001,23.0,static_dark,right,factory+corr_vision,1,,
B,0.0001344417336174091,0.00011256857188612766,1.1943096671192377,0.0002229134590518356,,gyro,3e-06,1.5,0.001,23.0,static_dark,right,factory+corr_vision,1,,
B,0.004469242135240746,0.007111013146591011,0.628495833590644,0.004196007754880727,,accel,3e-06,1.5,0.001,23.0,static_dark,right,factory+corr_vision,1,,
B,0.000170911656241342,0.00011256857188612766,1.5182892825026966,0.0002830467933833412,,gyro,3e-06,1.5,0.01,89.0,static_dark,right,factory+corr_vision,1,,
B,0.017465365812314965,0.007111013146591011,2.456100903242991,0.006403136061536065,,accel,3e-06,1.5,0.01,89.0,static_dark,right,factory+corr_vision,1,,
B,0.00010857678282265625,0.00011256857188612766,0.964539044987535,0.0001769152439003743,,gyro,3e-06,2.5,0.0001,23.0,static_dark,right,factory+corr_vision,1,,
B,0.004439290623086448,0.007111013146591011,0.6242838441684818,0.006046755339751028,,accel,3e-06,2.5,0.0001,23.0,static_dark,right,factory+corr_vision,1,,
B,0.00011160638506666126,0.00011256857188612766,0.991452438248575,0.0001817621431360714,,gyro,3e-06,2.5,0.001,23.0,static_dark,right,factory+corr_vision,1,,
B,0.003462735587415069,0.007111013146591011,0.486953900384095,0.003654577977255241,,accel,3e-06,2.5,0.001,23.0,static_dark,right,factory+corr_vision,1,,
B,0.00012081862988222252,0.00011256857188612766,1.0732891770577002,0.00019687193411615234,,gyro,3e-06,2.5,0.01,23.0,static_dark,right,factory+corr_vision,1,,
B,0.01085611339541436,0.007111013146591011,1.52666197792346,0.004798995453029976,,accel,3e-06,2.5,0.01,23.0,static_dark,right,factory+corr_vision,1,,
B,0.013890050851734186,0.00011256857188612766,123.39190787447416,0.024058240889584945,,gyro,1e-05,1.0,0.0001,2087.0,static_dark,right,factory+corr_vision,1,,
B,0.047288048314515246,0.007111013146591011,6.64997340599559,0.08175207969310605,,accel,1e-05,1.0,0.0001,2087.0,static_dark,right,factory+corr_vision,1,,
B,0.013890052609629798,0.00011256857188612766,123.39192349069441,0.02405824393435363,,gyro,1e-05,1.0,0.001,2087.0,static_dark,right,factory+corr_vision,1,,
B,0.04729028357929387,0.007111013146591011,6.650287744435492,0.08175595854119885,,accel,1e-05,1.0,0.001,2087.0,static_dark,right,factory+corr_vision,1,,
B,0.013890228213746499,0.00011256857188612766,123.39348346532817,0.024058548090021798,,gyro,1e-05,1.0,0.01,2087.0,static_dark,right,factory+corr_vision,1,,
B,0.04751384908671958,0.007111013146591011,6.681727077033673,0.08214390761990117,,accel,1e-05,1.0,0.01,2087.0,static_dark,right,factory+corr_vision,1,,
B,0.00013097541499759472,0.00011256857188612766,1.163516715216811,0.0002132801767065422,,gyro,1e-05,1.5,0.0001,23.0,static_dark,right,factory+corr_vision,1,,
B,0.004813582939475173,0.007111013146591011,0.6769194262821443,0.006790067265636261,,accel,1e-05,1.5,0.0001,23.0,static_dark,right,factory+corr_vision,1,,
B,0.00013442625833475505,0.00011256857188612766,1.1941721928456037,0.00021874245448373823,,gyro,1e-05,1.5,0.001,23.0,static_dark,right,factory+corr_vision,1,,
B,0.004472186745655042,0.007111013146591011,0.6289099251347874,0.0041970715052479495,,accel,1e-05,1.5,0.001,23.0,static_dark,right,factory+corr_vision,1,,
B,0.00017035322812844638,0.00011256857188612766,1.5133285007894801,0.00027748763506016416,,gyro,1e-05,1.5,0.01,89.0,static_dark,right,factory+corr_vision,1,,
B,0.01751211357181953,0.007111013146591011,2.462674897488378,0.006436584786149859,,accel,1e-05,1.5,0.01,89.0,static_dark,right,factory+corr_vision,1,,
B,0.00010831929969227717,0.00011256857188612766,0.9622517002512124,0.0001735005743070851,,gyro,1e-05,2.5,0.0001,23.0,static_dark,right,factory+corr_vision,1,,
B,0.004440338913383163,0.007111013146591011,0.624431262022324,0.0060478115110942626,,accel,1e-05,2.5,0.0001,23.0,static_dark,right,factory+corr_vision,1,,
B,0.00011148194351979975,0.00011256857188612766,0.9903469649821345,0.00017853730383441896,,gyro,1e-05,2.5,0.001,23.0,static_dark,right,factory+corr_vision,1,,
B,0.0034633302520557744,0.007111013146591011,0.4870375262512459,0.0036478304020204264,,accel,1e-05,2.5,0.001,23.0,static_dark,right,factory+corr_vision,1,,
B,0.0001209821783770343,0.00011256857188612766,1.0747420558858798,0.0001939468143112771,,gyro,1e-05,2.5,0.01,23.0,static_dark,right,factory+corr_vision,1,,
B,0.010896520448937106,0.007111013146591011,1.53234429810622,0.004803251638511943,,accel,1e-05,2.5,0.01,23.0,static_dark,right,factory+corr_vision,1,,
B,0.01389009640920747,0.00011256857188612766,123.39231258311104,0.02405831979755129,,gyro,3e-05,1.0,0.0001,2087.0,static_dark,right,factory+corr_vision,1,,
B,0.04728809820078539,0.007111013146591011,6.649980421348975,0.08175216626060451,,accel,3e-05,1.0,0.0001,2087.0,static_dark,right,factory+corr_vision,1,,
B,0.01389009816708802,0.00011256857188612766,123.3923281991975,0.02405832284229391,,gyro,3e-05,1.0,0.001,2087.0,static_dark,right,factory+corr_vision,1,,
B,0.047290333463850136,0.007111013146591011,6.650294759547859,0.08175604510570822,,accel,3e-05,1.0,0.001,2087.0,static_dark,right,factory+corr_vision,1,,
B,0.013890273769611152,0.00011256857188612766,123.39388815967483,0.02405862699520186,,gyro,3e-05,1.0,0.01,2087.0,static_dark,right,factory+corr_vision,1,,
B,0.0475138987797968,0.007111013146591011,6.6817340652189285,0.08214399385061871,,accel,3e-05,1.0,0.01,2087.0,static_dark,right,factory+corr_vision,1,,
B,0.0001523395400557918,0.00011256857188612766,1.3533043682023054,0.00021249534437502374,,gyro,3e-05,1.5,0.0001,23.0,static_dark,right,factory+corr_vision,1,,
B,0.004823406931420223,0.007111013146591011,0.6783009441815676,0.006806192124564833,,accel,3e-05,1.5,0.0001,23.0,static_dark,right,factory+corr_vision,1,,
B,0.00015465890198286154,0.00011256857188612766,1.3739083599578015,0.00021441896829236756,,gyro,3e-05,1.5,0.001,23.0,static_dark,right,factory+corr_vision,1,,
B,0.0044856776224871265,0.007111013146591011,0.6308071058253549,0.00419990969054779,,accel,3e-05,1.5,0.001,23.0,static_dark,right,factory+corr_vision,1,,
B,0.00018879914699005036,0.00011256857188612766,1.6771923444230614,0.0002657553552013756,,gyro,3e-05,1.5,0.01,99.0,static_dark,right,factory+corr_vision,1,,
B,0.01777595320421821,0.007111013146591011,2.4997778569344824,0.00655679232969373,,accel,3e-05,1.5,0.01,99.0,static_dark,right,factory+corr_vision,1,,
B,0.0001232603547785821,0.00011256857188612766,1.0949801770894816,0.00017463095643708,,gyro,3e-05,2.5,0.0001,23.0,static_dark,right,factory+corr_vision,1,,
B,0.004444587393273401,0.007111013146591011,0.6250287127375255,0.006051498326955555,,accel,3e-05,2.5,0.0001,23.0,static_dark,right,factory+corr_vision,1,,
B,0.0001267048125000894,0.00011256857188612766,1.1255789282666009,0.00017984788037863318,,gyro,3e-05,2.5,0.001,23.0,static_dark,right,factory+corr_vision,1,,
B,0.0034637660133691717,0.007111013146591011,0.4870988060301486,0.0036105005480062927,,accel,3e-05,2.5,0.001,23.0,static_dark,right,factory+corr_vision,1,,
B,0.00013569417000905962,0.00011256857188612766,1.205435653446198,0.0001905811026359959,,gyro,3e-05,2.5,0.01,23.0,static_dark,right,factory+corr_vision,1,,
B,0.011132563844613566,0.007111013146591011,1.5655383579132418,0.004807579279245312,,accel,3e-05,2.5,0.01,23.0,static_dark,right,factory+corr_vision,1,,
B,0.013890614611843355,0.00011256857188612766,123.39691602283851,0.024059217352072833,,gyro,0.0001,1.0,0.0001,2087.0,static_dark,right,factory+corr_vision,1,,
B,0.04728866566076728,0.007111013146591011,6.650060221508276,0.08175315097222656,,accel,0.0001,1.0,0.0001,2087.0,static_dark,right,factory+corr_vision,1,,
B,0.013890616369542157,0.00011256857188612766,123.39693163731042,0.02405922039650058,,gyro,0.0001,1.0,0.001,2087.0,static_dark,right,factory+corr_vision,1,,
B,0.047290900901906005,0.007111013146591011,6.650374556623771,0.08175702977910737,,accel,0.0001,1.0,0.001,2087.0,static_dark,right,factory+corr_vision,1,,
B,0.013890791953951369,0.00011256857188612766,123.3984914368732,0.024059524518034274,,gyro,0.0001,1.0,0.01,2087.0,static_dark,right,factory+corr_vision,1,,
B,0.04751446404475122,0.007111013146591011,6.6818135566982395,0.08214497473576848,,accel,0.0001,1.0,0.01,2087.0,static_dark,right,factory+corr_vision,1,,
B,0.00032661313417312266,0.00011256857188612766,2.9014593389664625,0.0002968063790523217,,gyro,0.0001,1.5,0.0001,23.0,static_dark,right,factory+corr_vision,1,,
B,0.004836962408342324,0.007111013146591011,0.6802072093849443,0.0068322872838412155,,accel,0.0001,1.5,0.0001,23.0,static_dark,right,factory+corr_vision,1,,
B,0.00032669363407437517,0.00011256857188612766,2.9021744577594233,0.0002899660061179543,,gyro,0.0001,1.5,0.001,23.0,static_dark,right,factory+corr_vision,1,,
B,0.004492887286653206,0.007111013146591011,0.6318209788160885,0.004180258575178517,,accel,0.0001,1.5,0.001,23.0,static_dark,right,factory+corr_vision,1,,
B,0.0003607254553879856,0.00011256857188612766,3.2044952631440418,0.0002663372170805438,,gyro,0.0001,1.5,0.01,106.0,static_dark,right,factory+corr_vision,1,,
B,0.018649622564789706,0.007111013146591011,2.6226393033361575,0.006936071434830073,,accel,0.0001,1.5,0.01,106.0,static_dark,right,factory+corr_vision,1,,
B,0.00024671543997430005,0.00011256857188612766,2.1916902368084847,0.0002661341801020258,,gyro,0.0001,2.5,0.0001,23.0,static_dark,right,factory+corr_vision,1,,
B,0.004452705116340442,0.007111013146591011,0.6261702832704014,0.006064962173043944,,accel,0.0001,2.5,0.0001,23.0,static_dark,right,factory+corr_vision,1,,
B,0.000247265647741163,0.00011256857188612766,2.196577993290103,0.00026839553821487414,,gyro,0.0001,2.5,0.001,23.0,static_dark,right,factory+corr_vision,1,,
B,0.003451375437661304,0.007111013146591011,0.4853563573168021,0.0035474017334538917,,accel,0.0001,2.5,0.001,23.0,static_dark,right,factory+corr_vision,1,,
B,0.00026353110801103106,0.00011256857188612766,2.3410717893588844,0.0002537453190168981,,gyro,0.0001,2.5,0.01,23.0,static_dark,right,factory+corr_vision,1,,
B,0.011898594300090435,0.007111013146591011,1.6732628747556977,0.004791611477981978,,accel,0.0001,2.5,0.01,23.0,static_dark,right,factory+corr_vision,1,,
A_dtw,0.010838312447055942,0.00011256857188612766,96.28186860200896,0.01502660969256315,,gyro,,,,,static_dark,right,factory+corr_vision,1,0.02,10.0
A_dtw,0.00807074670902162,0.00011256857188612766,71.69626987171732,0.012607233083053341,,gyro,,,,,static_dark,right,factory+corr_vision,1,0.02,30.0
A_dtw,0.007444453098172493,0.00011256857188612766,66.13260676082102,0.011975671879187952,,gyro,,,,,static_dark,right,factory+corr_vision,1,0.02,60.0
A_dtw,0.004423678122719765,0.00011256857188612766,39.29763031190161,0.004656193246311973,,gyro,,,,,static_dark,right,factory+corr_vision,1,0.05,10.0
A_dtw,0.003041122989294997,0.00011256857188612766,27.015737504170723,0.004532144622244095,,gyro,,,,,static_dark,right,factory+corr_vision,1,0.05,30.0
A_dtw,0.0027362261401447274,0.00011256857188612766,24.30719422213728,0.0043833889613029975,,gyro,,,,,static_dark,right,factory+corr_vision,1,0.05,60.0
A_dtw,0.004368473080917593,0.00011256857188612766,38.80721774934359,0.0037549299321714305,,gyro,,,,,static_dark,right,factory+corr_vision,1,0.12,10.0
A_dtw,0.002917270334102105,0.00011256857188612766,25.915495641653543,0.004243880708448626,,gyro,,,,,static_dark,right,factory+corr_vision,1,0.12,30.0
A_dtw,0.0026556316946645315,0.00011256857188612766,23.59123554797267,0.004242434062594173,,gyro,,,,,static_dark,right,factory+corr_vision,1,0.12,60.0
A_dtw,0.0045376485549222575,0.00011256857188612766,40.31008370180321,0.0041696696777306684,,gyro,,,,,static_dark,right,factory+corr_vision,1,0.5,10.0
A_dtw,0.0032655409676212092,0.00011256857188612766,29.00934881651134,0.004832638495140199,,gyro,,,,,static_dark,right,factory+corr_vision,1,0.5,30.0
A_dtw,0.002994404374777033,0.00011256857188612766,26.600713899134465,0.004817433202941656,,gyro,,,,,static_dark,right,factory+corr_vision,1,0.5,60.0
