{
  "CalibrationInformation": {
    "InertialSensors": [
      {
        "BiasTemperatureModel": [
          -0.005774058401584625,
          0,
          0,
          0,
          0.0181313194334507,
          0,
          0,
          0,
          -0.007923225872218609,
          0,
          0,
          0
        ],
        "BiasUncertainty": [
          0.00009999999747378752,
          0.00009999999747378752,
          0.00009999999747378752
        ],
        "Id": "CALIBRATION_InertialSensorId_ICM20602",
        "MixingMatrixTemperatureModel": [
          1.0088751316070557,
          0,
          0,
          0,
          -0.004334744531661272,
          0,
          0,
          0,
          0.004559690598398447,
          0,
          0,
          0,
          -0.0043516154401004314,
          0,
          0,
          0,
          1.0049442052841187,
          0,
          0,
          0,
          0.0010208586463704705,
          0,
          0,
          0,
          0.0045617143623530865,
          0,
          0,
          0,
          0.0010173522168770432,
          0,
          0,
          0,
          1.0084097385406494,
          0,
          0,
          0
        ],
        "ModelTypeMask": 16,
        "Noise": [
          0.0006760000251233578,
          0.0006760000251233578,
          0.0006760000251233578,
          0,
          0,
          0
        ],
        "Rt": {
          "Rotation": [
            -0.01213037222623825,
            -0.8442047238349915,
            -0.5358836054801941,
            -0.036867011338472366,
            0.5359362959861755,
            -0.8434531092643738,
            0.9992465376853943,
            0.009525027126073837,
            -0.03762441128492355
          ],
          "Translation": [
            1.912685180912997e-18,
            -5.379866898759135e-19,
            -5.096221703631026e-18
          ]
        },
        "SecondOrderScaling": [
          0,
          0,
          0,
          0,
          0,
          0,
          0,
          0,
          0
        ],
        "SensorType": "CALIBRATION_InertialSensorType_Gyro",
        "TemperatureBounds": [
          5,
          60
        ],
        "TemperatureC": 0
      },
      {
        "BiasTemperatureModel": [
          -0.031960729509592056,
          0,
          0,
          0,
          0.03657705709338188,
          0,
          0,
          0,
          0.10057400912046432,
          0,
          0,
          0
        ],
        "BiasUncertainty": [
          0.009999999776482582,
          0.009999999776482582,
          0.009999999776482582
        ],
        "Id": "CALIBRATION_InertialSensorId_ICM20602",
        "MixingMatrixTemperatureModel": [
          0.998681366443634,
          0,
          0,
          0,
          0.0012914477847516537,
          0,
          0,
          0,
          0.00046417934936471283,
          0,
          0,
          0,
          0.0012952738907188177,
          0,
          0,
          0,
          0.9957311749458313,
          0,
          0,
          0,
          -0.00008261210314230993,
          0,
          0,
          0,
          0.00046340524568222463,
          0,
          0,
          0,
          -0.00008223071199608967,
          0,
          0,
          0,
          1.0003479719161987,
          0,
          0,
          0
        ],
        "ModelTypeMask": 56,
        "Noise": [
          0.007600000128149986,
          0.007600000128149986,
          0.007600000128149986,
          0,
          0,
          0
        ],
        "Rt": {
          "Rotation": [
            -0.011438090354204178,
            -0.8444001078605652,
            -0.5355908870697021,
            -0.03651196137070656,
            0.5356214046478271,
            -0.843668520450592,
            0.9992677569389343,
            0.009905516169965267,
            -0.036957189440727234
          ],
          "Translation": [
            -0.03330734372138977,
            -0.07666519284248352,
            0.0014731063274666667
          ]
        },
        "SecondOrderScaling": [
          0,
          0,
          0,
          0,
          0,
          0,
          0,
          0,
          0
        ],
        "SensorType": "CALIBRATION_InertialSensorType_Accelerometer",
        "TemperatureBounds": [
          5,
          60
        ],
        "TemperatureC": 0
      },
      {
        "BiasTemperatureModel": [
          0.0032024248503148556,
          0,
          0,
          0,
          -0.00655373465269804,
          0,
          0,
          0,
          -0.00231491238810122,
          0,
          0,
          0
        ],
        "BiasUncertainty": [
          0.00009999999747378752,
          0.00009999999747378752,
          0.00009999999747378752
        ],
        "Id": "CALIBRATION_InertialSensorId_Undefined",
        "MixingMatrixTemperatureModel": [
          1.0100963115692139,
          0,
          0,
          0,
          -0.005302518140524626,
          0,
          0,
          0,
          -0.0009635869064368308,
          0,
          0,
          0,
          -0.005357746034860611,
          0,
          0,
          0,
          0.9996833205223083,
          0,
          0,
          0,
          0.00026813751901499927,
          0,
          0,
          0,
          -0.0009639208437874913,
          0,
          0,
          0,
          0.000265465525444597,
          0,
          0,
          0,
          1.0097180604934692,
          0,
          0,
          0
        ],
        "ModelTypeMask": 16,
        "Noise": [
          0.0006760000251233578,
          0.0006760000251233578,
          0.0006760000251233578,
          0,
          0,
          0
        ],
        "Rt": {
          "Rotation": [
            0.001597258960828185,
            -0.8758072257041931,
            -0.4826584756374359,
            -0.0327170267701149,
            0.48235493898391724,
            -0.8753646612167358,
            0.9994633793830872,
            0.017189333215355873,
            -0.027883362025022507
          ],
          "Translation": [
            0,
            0,
            0
          ]
        },
        "SecondOrderScaling": [
          0,
          0,
          0,
          0,
          0,
          0,
          0,
          0,
          0
        ],
        "SensorType": "CALIBRATION_InertialSensorType_Gyro",
        "TemperatureBounds": [
          5,
          60
        ],
        "TemperatureC": 0
      },
      {
        "BiasTemperatureModel": [
          0.01330245565623045,
          0,
          0,
          0,
          0.21224811673164368,
          0,
          0,
          0,
          -0.21114712953567505,
          0,
          0,
          0
        ],
        "BiasUncertainty": [
          0.009999999776482582,
          0.009999999776482582,
          0.009999999776482582
        ],
        "Id": "CALIBRATION_InertialSensorId_Undefined",