{
    "value0": {
        "comments": "Current error: 7163.6 num_points 290237 mean_error 0.0246819 reprojection_error 37798.4 mean reprojection 0.130233 opt_time 66ms.",
        "T_imu_cam": [
            {
                "px": -0.051968228071928027,
                "py": 0.014596282504498959,
                "pz": 0.005551754031330347,
                "qx": -0.1312010074299628,
                "qy": -0.08986024024343156,
                "qz": -0.007394214652941587,
                "qw": 0.9872470604982433
            },
            {
                "px": 0.056516047567129138,
                "py": 0.014474906958639622,
                "pz": 0.005668562836945057,
                "qx": -0.13151397645981154,
                "qy": 0.09010184655390215,
                "qz": 0.010845333088708755,
                "qw": 0.987151513190098
            }
        ],
        "intrinsics": [
            {
                "camera_type": "pinhole-radtan8",
                "intrinsics": {
                    "fx": 269.9429811252672,
                    "fy": 269.9221236064638,
                    "cx": 326.5758521581961,
                    "cy": 235.19743565227675,
                    "k1": 0.7571504712104797,
                    "k2": 0.6582587361335754,
                    "p1": 0.00005406488885213705,
                    "p2": 0.0002965245908086882,
                    "k3": -0.0014458266086876393,
                    "k4": 1.0221024751663209,
                    "k5": 0.7871166467666626,
                    "k6": 0.07637721300125122,
                    "rpmax": 2.791752815246582
                }
            },
            {
                "camera_type": "pinhole-radtan8",
                "intrinsics": {
                    "fx": 269.92823938417959,
                    "fy": 270.09012771723396,
                    "cx": 320.4173572653484,
                    "cy": 242.71815226879679,
                    "k1": 0.43105843663215639,
                    "k2": 0.2539370656013489,
                    "p1": -0.00035740599698416757,
                    "p2": 0.0002934344817071955,
                    "k3": 0.007408589124679565,
                    "k4": 0.6981866955757141,
                    "k5": 0.27373966574668887,
                    "k6": 0.0491538867354393,
                    "rpmax": 2.796564817428589
                }
            }
        ],
        "resolution": [
            [
                640,
                480
            ],
            [
                640,
                480
            ]
        ],
        "calib_accel_bias": [
            0.0,
            0.0,
            0.0,
            0.0,
            0.0,
            0.0,
            0.0,
            0.0,
            0.0
        ],
        "calib_gyro_bias": [
            0.0,
            0.0,
            0.0,
            0.0,
            0.0,
            0.0,
            0.0,
            0.0,
            0.0,
            0.0,
            0.0,
            0.0
        ],
        "imu_update_rate": 200.0,
        "accel_noise_std": [
            0.016,
            0.016,
            0.016
        ],
        "gyro_noise_std": [
            0.000282,
            0.000282,
            0.000282
        ],
        "accel_bias_std": [
            0.001,
            0.001,
            0.001
        ],
        "gyro_bias_std": [
            0.0001,
            0.0001,
            0.0001
        ],
        "cam_time_offset_ns": 0,
        "vignette": []
    }
}
