{
  "CalibrationInformation": {
    "InertialSensors": [
      {
        "BiasTemperatureModel": [
          0.02996315434575081,
          0,
          0,
          0,
          -0.008544458076357841,
          0,
          0,
          0,
          0.005493407603353262,
          0,
          0,
          0
        ],
        "BiasUncertainty": [
          0.00009999999747378752,
          0.00009999999747378752,
          0.00009999999747378752
        ],
        "Id": "CALIBRATION_InertialSensorId_ICM20602",
        "MixingMatrixTemperatureModel": [
          1.0007562637329102,
          0,
          0,
          0,
          0.0022608956787735224,
          0,
          0,
          0,
          -0.0033101397566497326,
          0,
          0,
          0,
          0.0022607343271374702,
          0,
          0,
          0,
          1.000817060470581,
          0,
          0,
          0,
          -0.0005920404801145196,
          0,
          0,
          0,
          -0.0033116766717284918,
          0,
          0,
          0,
          -0.0005923576536588371,
          0,
          0,
          0,
          1.0002870559692383,
          0,
          0,
          0
        ],
        "ModelTypeMask": 16,
        "Noise": [
          0.0006760000251233578,
          0.0006760000251233578,
          0.0006760000251233578,
          0,
          0,
          0
        ],
        "Rt": {
          "Rotation": [
            -0.017341990023851395,
            0.8488309383392334,
            0.5283798575401306,
            0.030539538711309433,
            0.5286625027656555,
            -0.8482825756072998,
            -0.9993831515312195,
            0.0014255689457058907,
            -0.035090964287519455
          ],
          "Translation": [
            -7.745038124410902e-20,
            -2.3252832840447533e-19,
            -7.583453820121438e-19
          ]
        },
        "SecondOrderScaling": [
          0,
          0,
          0,
          0,
          0,
          0,
          0,
          0,
          0
        ],
        "SensorType": "CALIBRATION_InertialSensorType_Gyro",
        "TemperatureBounds": [
          5,
          60
        ],
        "TemperatureC": 0
      },
      {
        "BiasTemperatureModel": [
          0.012919730506837368,
          0,
          0,
          0,
          0.06235339120030403,
          0,
          0,
          0,
          -0.07160858064889908,
          0,
          0,
          0
        ],
        "BiasUncertainty": [
          0.009999999776482582,
          0.009999999776482582,
          0.009999999776482582
        ],
        "Id": "CALIBRATION_InertialSensorId_ICM20602",
        "MixingMatrixTemperatureModel": [
          0.9995812177658081,
          0,
          0,
          0,
          -0.0010021026246249676,
          0,
          0,
          0,
          -0.0024563209153711796,
          0,
          0,
          0,
          -0.0010036550229415298,
          0,
          0,
          0,
          0.9980306625366211,
          0,
          0,
          0,
          -0.001263909274712205,
          0,
          0,
          0,
          -0.0024553469847887754,
          0,
          0,
          0,
          -0.0012614538427442312,
          0,
          0,
          0,
          0.9999783039093018,
          0,
          0,
          0
        ],
        "ModelTypeMask": 56,
        "Noise": [
          0.007600000128149986,
          0.007600000128149986,
          0.007600000128149986,
          0,
          0,
          0
        ],
        "Rt": {
          "Rotation": [
            -0.017871063202619553,
            0.8499192595481873,
            0.5266098380088806,
            0.028287386521697044,
            0.5269129276275635,
            -0.8494484424591064,
            -0.99944007396698,
            -0.0002841298410203308,
            -0.033458489924669266
          ],
          "Translation": [
            0.034182533621788025,
            -0.07854534685611725,
            0.002330454997718334
          ]
        },
        "SecondOrderScaling": [
          0,
          0,
          0,
          0,
          0,
          0,
          0,
          0,
          0
        ],
        "SensorType": "CALIBRATION_InertialSensorType_Accelerometer",
        "TemperatureBounds": [
          5,
          60
        ],
        "TemperatureC": 0
      },
      {
        "BiasTemperatureModel": [
          -0.001035540597513318,
          0,
          0,
          0,
          0.006793503649532795,
          0,
          0,
          0,
          -0.008679576218128204,
          0,
          0,
          0
        ],
        "BiasUncertainty": [
          0.00009999999747378752,
          0.00009999999747378752,
          0.00009999999747378752
        ],
        "Id": "CALIBRATION_InertialSensorId_Undefined",
        "MixingMatrixTemperatureModel": [
          1.0047043561935425,
          0,
          0,
          0,
          0.004055614583194256,
          0,
          0,
          0,
          -0.00016584884724579751,
          0,
          0,
          0,
          0.004062493797391653,
          0,
          0,
          0,
          1.0030088424682617,
          0,
          0,
          0,
          0.0024271304719150066,
          0,
          0,
          0,
          -0.0001658085238886997,
          0,
          0,
          0,
          0.0024224312510341406,
          0,
          0,
          0,
          1.0049381256103516,
          0,
          0,
          0
        ],
        "ModelTypeMask": 16,
        "Noise": [
          0.0006760000251233578,
          0.0006760000251233578,
          0.0006760000251233578,
          0,
          0,
          0
        ],
        "Rt": {
          "Rotation": [
            -0.012674619443714619,
            0.860556960105896,
            0.5091964602470398,
            0.020895252004265785,
            0.5093541145324707,
            -0.8603032827377319,
            -0.9997013211250305,
            -0.00026422893279232085,
            -0.024437423795461655
          ],
          "Translation": [
            0,
            0,
            0
          ]
        },
        "SecondOrderScaling": [
          0,
          0,
          0,
          0,
          0,
          0,
          0,
          0,
          0
        ],
        "SensorType": "CALIBRATION_InertialSensorType_Gyro",
        "TemperatureBounds": [
          5,
          60
        ],
        "TemperatureC": 0
      },
      {
        "BiasTemperatureModel": [
          0.02046804316341877,
          0,
          0,
          0,
          0.10654479265213013,
          0,
          0,
          0,
          -0.08101444691419601,
          0,
          0,
          0
        ],
        "BiasUncertainty": [
          0.009999999776482582,
          0.009999999776482582,
          0.009999999776482582
        ],
        "Id": "CALIBRATION_InertialSensorId_Undefined",
        "MixingMatrixTemperatureModel": [
          1.00215482711792,
          0,
          0,
          0,
          -0.0013982144882902503,
          0,
          0,
          0,
          -0.0004933851305395365,
          0,
          0,
          0,
          -0.0013970858417451382,
          0,
          0,
          0,
          1.0029643774032593,
          0,
          0,
          0,
          0.00032744926284067333,
          0,
          0,
          0,
          -0.0004929348942823708,
          0,
          0,
          0,
          0.0003274147748015821,
          0,
          0,
          0,
          1.003068208694458,
          0,
          0,
          0
        ],
        "ModelTypeMask": 56,
        "Noise": [
          0.007600000128149986,
          0.007600000128149986,
          0.007600000128149986,
          0,
          0,
          0
        ],