{
  "CalibrationInformation": {
    "InertialSensors": [
      {
        "BiasTemperatureModel": [
          -0.0057740584015846252,
          0,
          0,
          0,
          0.0181313194334507,
          0,
          0,
          0,
          -0.0079232258722186089,
          0,
          0,
          0
        ],
        "BiasUncertainty": [
          9.9999997473787516E-5,
          9.9999997473787516E-5,
          9.9999997473787516E-5
        ],
        "Id": "CALIBRATION_InertialSensorId_ICM20602",
        "MixingMatrixTemperatureModel": [
          1.0088751316070557,
          0,
          0,
          0,
          -0.004334744531661272,
          0,
          0,
          0,
          0.004559690598398447,
          0,
          0,
          0,
          -0.0043516154401004314,
          0,
          0,
          0,
          1.0049442052841187,
          0,
          0,
          0,
          0.0010208586463704705,
          0,
          0,
          0,
          0.0045617143623530865,
          0,
          0,
          0,
          0.0010173522168770432,
          0,
          0,
          0,
          1.0084097385406494,
          0,
          0,
          0
        ],
        "ModelTypeMask": 16,
        "Noise": [
          0.00067600002512335777,
          0.00067600002512335777,
          0.00067600002512335777,
          0,
          0,
          0
        ],
        "Rt": {
          "Rotation": [
            -0.012130372226238251,
            -0.84420472383499146,
            -0.53588360548019409,
            -0.036867011338472366,
            0.53593629598617554,
            -0.84345310926437378,
            0.99924653768539429,
            0.0095250271260738373,
            -0.037624411284923553
          ],
          "Translation": [
            1.9126851809129969E-18,
            -5.3798668987591346E-19,
            -5.0962217036310261E-18
          ]
        },
        "SecondOrderScaling": [
          0,
          0,
          0,
          0,
          0,
          0,
          0,
          0,
          0
        ],
        "SensorType": "CALIBRATION_InertialSensorType_Gyro",
        "TemperatureBounds": [
          5,
          60
        ],
        "TemperatureC": 0
      },
      {
        "BiasTemperatureModel": [
          -0.031960729509592056,
          0,
          0,
          0,
          0.036577057093381882,
          0,
          0,
          0,
          0.10057400912046432,
          0,
          0,
          0
        ],
        "BiasUncertainty": [
          0.0099999997764825821,
          0.0099999997764825821,
          0.0099999997764825821
        ],
        "Id": "CALIBRATION_InertialSensorId_ICM20602",
        "MixingMatrixTemperatureModel": [
          0.998681366443634,
          0,
          0,
          0,
          0.0012914477847516537,
          0,
          0,
          0,
          0.00046417934936471283,
          0,
          0,
          0,
          0.0012952738907188177,
          0,
          0,
          0,
          0.9957311749458313,
          0,
          0,
          0,
          -8.2612103142309934E-5,
          0,
          0,
          0,
          0.00046340524568222463,
          0,
          0,
          0,
          -8.2230711996089667E-5,
          0,
          0,
          0,
          1.0003479719161987,
          0,
          0,
          0
        ],
        "ModelTypeMask": 56,
        "Noise": [
          0.0076000001281499863,
          0.0076000001281499863,
          0.0076000001281499863,
          0,
          0,
          0
        ],
        "Rt": {
          "Rotation": [
            -0.011438090354204178,
            -0.84440010786056519,
            -0.53559088706970215,
            -0.036511961370706558,
            0.53562140464782715,
            -0.843668520450592,
            0.99926775693893433,
            0.0099055161699652672,
            -0.036957189440727234
          ],
          "Translation": [
            -0.033307343721389771,
            -0.076665192842483521,
            0.0014731063274666667
          ]
        },
        "SecondOrderScaling": [
          0,
          0,
          0,
          0,
          0,
          0,
          0,
          0,
          0
        ],
        "SensorType": "CALIBRATION_InertialSensorType_Accelerometer",
        "TemperatureBounds": [
          5,
          60
        ],
        "TemperatureC": 0
      },
      {
        "BiasTemperatureModel": [
          0.0032024248503148556,
          0,
          0,
          0,
          -0.00655373465269804,
          0,
          0,
          0,
          -0.00231491238810122,
          0,
          0,
          0
        ],
        "BiasUncertainty": [
          9.9999997473787516E-5,
          9.9999997473787516E-5,
          9.9999997473787516E-5
        ],
        "Id": "CALIBRATION_InertialSensorId_Undefined",
        "MixingMatrixTemperatureModel": [
          1.0100963115692139,
          0,
          0,
          0,
          -0.0053025181405246258,
          0,
          0,
          0,
          -0.00096358690643683076,
          0,
          0,
          0,
          -0.005357746034860611,
          0,
          0,
          0,
          0.99968332052230835,
          0,
          0,
          0,
          0.00026813751901499927,
          0,
          0,
          0,
          -0.00096392084378749132,
          0,
          0,
          0,
          0.000265465525444597,
          0,
          0,
          0,
          1.0097180604934692,
          0,
          0,
          0
        ],
        "ModelTypeMask": 16,
        "Noise": [
          0.00067600002512335777,
          0.00067600002512335777,
          0.00067600002512335777,
          0,
          0,
          0
        ],
        "Rt": {
          "Rotation": [
            0.0015972589608281851,
            -0.87580722570419312,
            -0.48265847563743591,
            -0.0327170267701149,
            0.48235493898391724,
            -0.87536466121673584,
            0.99946337938308716,
            0.017189333215355873,
            -0.027883362025022507
          ],
          "Translation": [
            0,
            0,
            0
          ]
        },
        "SecondOrderScaling": [
          0,
          0,
          0,
          0,
          0,
          0,
          0,
          0,
          0
        ],
        "SensorType": "CALIBRATION_InertialSensorType_Gyro",
        "TemperatureBounds": [
          5,
          60
        ],
        "TemperatureC": 0
      },
      {
        "BiasTemperatureModel": [
          0.01330245565623045,
          0,
          0,
          0,
          0.21224811673164368,
          0,
          0,
          0,
          -0.21114712953567505,
          0,
          0,
          0
        ],
        "BiasUncertainty": [
          0.0099999997764825821,
          0.0099999997764825821,
          0.0099999997764825821
        ],
        "Id": "CALIBRATION_InertialSensorId_Undefined",
        "MixingMatrixTemperatureModel": [
          1.0011143684387207,
          0,
          0,
          0,
          0.001057022949680686,
          0,
          0,
          0,
          -0.00049568241229280829,
          0,
          0,
          0,
          0.001056068460457027,
          0,
          0,
          0,
          1.002018928527832,
          0,
          0,
          0,
          0.00015006310422904789,
          0,
          0,
          0,
          -0.00049951381515711546,
          0,
          0,
          0,
          0.00015135969442781061,
          0,
          0,
          0,
          0.993434488773346,
          0,
          0,
          0
        ],
        "ModelTypeMask": 56,
        "Noise": [
          0.0076000001281499863,
          0.0076000001281499863,
          0.0076000001281499863,
          0,
          0,
          0
        ],